animal_id,farm_id,species,breed,age_years,weight_kg,sex,physiological_stage,health_status
1,FARM_001,sheep,Suffolk,3.132296384213595,54.883605700319194,female,growing,healthy
2,FARM_001,goat,Nubian,3.971061460667621,41.375540844608736,female,lactating,healthy
3,FARM_001,sheep,Suffolk,4.97390229473994,51.56566462277793,female,dry,healthy
4,FARM_001,sheep,Texel,5.185299851677596,96.09371175115584,female,dry,healthy
5,FARM_001,cattle,Simmental,4.498095607205338,508.53961270955836,male,growing,healthy
6,FARM_001,cattle,Holstein,3.6664615513367416,466.106775625201,male,pregnant,healthy
7,FARM_001,cattle,Hereford,3.641393572462343,405.6319290860338,male,lactating,healthy
8,FARM_001,goat,Alpine,4.635759848686068,77.05203514053396,female,lactating,minor_illness
9,FARM_001,cattle,Hereford,3.9780822236738427,425.4233401144095,male,dry,healthy
10,FARM_001,goat,Nubian,4.8253448281312785,75.48850970305307,male,pregnant,healthy
11,FARM_001,sheep,Dorper,6.325495340318282,78.06385987847482,male,dry,healthy
12,FARM_001,cattle,Jersey,1.2287721406968566,443.15657079732176,male,growing,healthy
13,FARM_001,cattle,Hereford,9.168098265334837,499.71689165954996,male,pregnant,healthy
14,FARM_001,cattle,Angus,7.253064397357341,752.1871356061031,female,lactating,healthy
15,FARM_001,cattle,Hereford,8.23304869209203,474.6280235544143,female,dry,healthy
16,FARM_001,sheep,Texel,3.494084866538824,95.3414220772877,male,lactating,healthy
17,FARM_001,cattle,Hereford,4.173119707007521,521.9125032632116,female,growing,healthy
18,FARM_001,sheep,Rambouillet,5.847052230231892,63.470616689926075,female,pregnant,healthy
19,FARM_001,cattle,Hereford,4.272666421413646,788.7128330883843,female,growing,healthy
20,FARM_001,sheep,Dorper,3.1061481687173877,64.24202471887338,male,pregnant,healthy
21,FARM_001,sheep,Texel,1.3603512587499256,63.93232321183057,male,lactating,healthy
22,FARM_001,sheep,Rambouillet,4.426169321942941,99.28252270553003,female,pregnant,healthy
23,FARM_001,goat,Boer,2.452959629664555,72.12559025519583,male,growing,recovering
24,FARM_001,sheep,Dorper,6.715023112535688,89.91725624922756,male,growing,healthy
25,FARM_001,cattle,Angus,6.318036488694176,671.0257447369129,male,dry,healthy
26,FARM_001,goat,Nubian,4.871036742456699,46.974657160199655,male,growing,healthy
27,FARM_001,sheep,Merino,5.729830819274965,86.7608059620386,female,pregnant,healthy
28,FARM_001,sheep,Dorper,2.5998501525810975,58.74774635479681,female,lactating,healthy
29,FARM_001,cattle,Jersey,9.966283297821318,786.1677405155174,male,lactating,healthy
30,FARM_001,goat,Alpine,2.6732281155530915,68.01431319891086,female,pregnant,healthy
31,FARM_001,sheep,Merino,5.494221523080014,54.206998249752445,female,growing,healthy
32,FARM_001,sheep,Dorper,3.6059793659322015,97.00667212288892,male,lactating,healthy
33,FARM_001,sheep,Suffolk,4.399296275103586,72.42120714931237,male,lactating,healthy
34,FARM_001,cattle,Simmental,2.6094043829919595,546.5875138331439,female,pregnant,healthy
35,FARM_001,cattle,Hereford,5.57932669154884,654.5330472743582,female,dry,healthy
36,FARM_001,sheep,Rambouillet,4.4071950707161855,95.3049393859277,male,dry,healthy
37,FARM_001,cattle,Hereford,7.020316536967897,745.6670260287613,female,lactating,healthy
38,FARM_001,goat,Alpine,1.2616226305266025,79.78202043189364,female,lactating,healthy
39,FARM_001,sheep,Dorper,6.234031417281898,97.65359235119766,male,lactating,healthy
40,FARM_001,goat,Boer,6.881989502296274,43.01385024024513,male,lactating,healthy
41,FARM_001,cattle,Angus,2.5254347201748324,622.7205049833401,male,dry,healthy
42,FARM_001,sheep,Suffolk,5.305050586894188,99.50269250521316,female,pregnant,healthy
43,FARM_001,sheep,Suffolk,6.185380324279431,84.8507870497634,male,dry,healthy
44,FARM_001,cattle,Jersey,8.284250399306622,724.0453578716723,male,growing,minor_illness
45,FARM_001,sheep,Merino,5.395260904640453,59.71369767560211,female,growing,healthy
46,FARM_001,sheep,Texel,7.206320042654619,51.38083859368523,female,dry,healthy
47,FARM_001,goat,Boer,3.793588108794761,61.70578538830306,male,dry,healthy
48,FARM_001,sheep,Merino,1.261437321244501,91.13002803298292,female,pregnant,healthy
49,FARM_001,cattle,Simmental,3.443886242377677,786.1007321563079,male,growing,healthy
50,FARM_001,sheep,Dorper,5.462009310487446,86.30456668613309,male,dry,healthy
51,FARM_001,sheep,Dorper,6.566303363380926,63.54161256310371,female,dry,healthy
52,FARM_001,cattle,Jersey,9.663835732101326,734.3920482048823,male,growing,healthy
53,FARM_001,sheep,Suffolk,2.095059298697602,62.512144908229764,female,dry,healthy
54,FARM_001,cattle,Simmental,6.744435344590153,606.6785029706266,female,pregnant,healthy
55,FARM_001,cattle,Angus,3.229578905510417,542.3890714605046,male,dry,healthy
56,FARM_001,sheep,Texel,1.3220184941522692,52.03644011594851,female,dry,healthy
57,FARM_001,sheep,Suffolk,4.441311125817826,73.67358853902829,male,dry,healthy
58,FARM_001,goat,Saanen,4.695100588313299,65.40374603470575,female,growing,healthy
59,FARM_001,sheep,Dorper,4.521953810060614,92.82449205941612,male,lactating,healthy
60,FARM_001,goat,Saanen,1.1590678632497309,63.43102325093853,male,growing,healthy
61,FARM_001,sheep,Dorper,5.503017529096472,72.91264452457582,male,pregnant,minor_illness
62,FARM_001,goat,Alpine,6.767143382943486,76.21402567824255,female,lactating,healthy
63,FARM_001,goat,Saanen,1.2337787938614018,64.73015537351571,male,lactating,healthy
64,FARM_001,cattle,Jersey,7.134523020755108,536.249827785696,male,lactating,healthy
65,FARM_001,sheep,Rambouillet,3.4383562311723814,96.83240759278536,female,growing,healthy
66,FARM_001,cattle,Holstein,5.931746949232786,569.3883769232474,female,growing,healthy
67,FARM_001,goat,Nubian,3.232108514756699,71.05651842967987,female,pregnant,minor_illness
68,FARM_001,cattle,Hereford,4.860946246375165,700.3484271165989,male,pregnant,healthy
69,FARM_001,cattle,Holstein,5.547271352030714,730.5829864430966,female,lactating,healthy
70,FARM_001,cattle,Hereford,1.0975388633226852,762.1527905677054,female,lactating,healthy
71,FARM_001,sheep,Texel,5.014065216863003,81.59186060848997,male,lactating,healthy
72,FARM_001,cattle,Hereford,7.052666104693346,700.949811775072,male,growing,healthy
73,FARM_001,cattle,Simmental,5.449782742323233,423.02350400665773,male,dry,healthy
74,FARM_001,goat,Toggenburg,3.1054900753124723,44.682680657104235,female,lactating,healthy
75,FARM_001,cattle,Simmental,8.546326873875866,570.4365900187764,female,dry,healthy
76,FARM_001,goat,Saanen,1.879628930152153,60.533046747695714,female,pregnant,healthy
77,FARM_001,cattle,Holstein,8.923239717745751,494.6740774728315,male,lactating,healthy
78,FARM_001,sheep,Texel,1.5845050168906814,88.85734579637185,female,pregnant,healthy
79,FARM_001,sheep,Dorper,1.7783823761430595,74.63125521454296,male,dry,healthy
80,FARM_001,sheep,Texel,1.8317254138765033,55.87631233885524,male,pregnant,healthy
81,FARM_001,cattle,Hereford,9.659552936270877,549.9482318094816,male,lactating,healthy
82,FARM_001,sheep,Rambouillet,7.742557776084279,50.60772373449082,female,lactating,healthy
83,FARM_001,cattle,Simmental,9.936683165073703,429.5186258941595,male,pregnant,minor_illness
84,FARM_001,sheep,Merino,2.5176637461054385,64.72469734197149,male,lactating,healthy
85,FARM_001,goat,Alpine,6.491526050014638,78.34809629631386,female,growing,healthy
86,FARM_001,cattle,Jersey,2.6930904375138516,585.4793619759929,female,growing,healthy
87,FARM_001,cattle,Holstein,3.339548765688364,581.2963387315324,male,lactating,healthy
88,FARM_001,cattle,Hereford,6.425036938209686,508.38305700605196,male,dry,healthy
89,FARM_001,sheep,Suffolk,3.9164734041693543,79.05813105904132,male,dry,healthy
90,FARM_001,sheep,Suffolk,4.861115107808491,58.241713056850045,female,lactating,healthy
91,FARM_001,sheep,Merino,3.6371727895655854,87.4789149988036,male,dry,healthy
92,FARM_001,cattle,Simmental,1.571606466310012,414.72874705439654,male,lactating,healthy
93,FARM_001,goat,Nubian,5.877406054780465,79.98870693144522,female,pregnant,healthy
94,FARM_001,cattle,Simmental,9.502891568941852,739.8589562709647,male,lactating,healthy
95,FARM_001,sheep,Merino,7.678357190811057,80.308731722544,female,lactating,healthy
96,FARM_001,sheep,Texel,2.8807073741771516,51.109237101515085,female,dry,healthy
97,FARM_001,goat,Boer,2.8466634386262966,72.6554294085225,female,lactating,healthy
98,FARM_001,goat,Alpine,4.539735382825817,59.201838680739,male,pregnant,healthy
99,FARM_001,sheep,Suffolk,6.635312672635533,95.15755293383131,female,growing,recovering
100,FARM_001,sheep,Suffolk,5.456510251355978,77.74078042711128,male,pregnant,healthy
101,FARM_002,cattle,Holstein,8.052877114670288,558.617112928508,male,dry,healthy
102,FARM_002,cattle,Simmental,2.323661328361341,770.6350500645977,female,lactating,healthy
103,FARM_002,cattle,Jersey,6.5872511597988215,538.9653632901657,female,pregnant,healthy
104,FARM_002,goat,Boer,4.22358050028442,58.40476635934288,female,pregnant,healthy
105,FARM_002,cattle,Angus,8.868858443689753,606.0944219456844,female,dry,healthy
106,FARM_002,goat,Boer,5.930743821066695,53.80330511289547,female,lactating,healthy
107,FARM_002,sheep,Merino,4.7409645261276605,67.7995742135993,female,dry,healthy
108,FARM_002,sheep,Rambouillet,3.251079352760203,54.6145293114373,male,lactating,healthy
109,FARM_002,sheep,Dorper,7.446106803722692,53.05389799274319,female,growing,healthy
110,FARM_002,cattle,Angus,2.6606891742073957,483.7397293346841,male,growing,healthy
111,FARM_002,sheep,Texel,3.582395476988407,73.1267358066574,male,dry,healthy
112,FARM_002,goat,Boer,6.3712410261231955,60.467097684626644,male,growing,healthy
113,FARM_002,sheep,Dorper,3.7801468275285774,55.243458326624044,male,lactating,healthy
114,FARM_002,goat,Alpine,6.044259915267586,43.568173148482245,female,growing,healthy
115,FARM_002,cattle,Hereford,5.265729472875005,542.0417213117219,male,lactating,healthy
116,FARM_002,goat,Saanen,4.3464535957026245,63.46141738643036,female,pregnant,healthy
117,FARM_002,cattle,Hereford,6.8132551719844106,628.3113218675647,female,pregnant,recovering
118,FARM_002,cattle,Holstein,3.1350411256239505,440.7129890481615,female,dry,healthy
119,FARM_002,sheep,Dorper,1.615213371781007,90.29324433705717,female,pregnant,healthy
120,FARM_002,goat,Boer,1.1094548885701663,67.87845849465685,female,pregnant,healthy
121,FARM_002,goat,Nubian,1.0318000383856325,79.0026865178057,female,growing,healthy
122,FARM_002,sheep,Merino,6.029200895855875,76.75183660224553,female,pregnant,healthy
123,FARM_002,cattle,Jersey,3.913113127638193,570.1745754465667,male,growing,healthy
124,FARM_002,goat,Alpine,4.663720254649796,51.54522212961023,male,dry,healthy
125,FARM_002,cattle,Angus,6.344947878021089,547.6921926039585,female,dry,healthy
126,FARM_002,sheep,Texel,2.412113236311651,84.22857739399166,female,lactating,healthy
127,FARM_002,cattle,Holstein,2.050264577275132,589.2664804207569,female,pregnant,healthy
128,FARM_002,goat,Alpine,6.104364760098728,69.83898102194873,female,dry,minor_illness
129,FARM_002,goat,Alpine,2.2300108603194237,55.169143398552016,male,growing,healthy
130,FARM_002,cattle,Angus,8.15740580673901,480.6509280190978,female,pregnant,healthy
131,FARM_002,cattle,Angus,6.986774986265801,609.2261699076478,female,lactating,healthy
132,FARM_002,cattle,Jersey,8.349394955244193,575.6539634280873,female,growing,healthy
133,FARM_002,sheep,Merino,6.233265661233758,75.13601950462396,male,lactating,healthy
134,FARM_002,goat,Saanen,4.261317166683932,76.25888443858187,male,pregnant,healthy
135,FARM_002,sheep,Dorper,5.393956371499925,66.7452807328543,female,growing,healthy
136,FARM_002,cattle,Holstein,5.801149827786894,757.5570332203831,female,lactating,healthy
137,FARM_002,cattle,Simmental,3.236402258330192,697.5785170290708,female,growing,healthy
138,FARM_002,sheep,Rambouillet,7.137359457332246,67.10408743579538,female,lactating,healthy
139,FARM_002,cattle,Hereford,4.575585615043305,718.9181463118214,male,lactating,healthy
140,FARM_002,cattle,Jersey,1.1098276508624005,639.3770804820908,female,growing,healthy
141,FARM_002,goat,Toggenburg,5.96079296685447,78.36299178256111,female,dry,healthy
142,FARM_002,goat,Saanen,6.683700037670892,46.13405612464321,male,growing,healthy
143,FARM_002,cattle,Holstein,1.1629916543875645,748.8495635776605,female,growing,healthy
144,FARM_002,cattle,Simmental,7.3651477088205874,461.01561716570455,female,pregnant,healthy
145,FARM_002,sheep,Dorper,6.15510964937306,96.71835073845074,female,pregnant,healthy
146,FARM_002,sheep,Rambouillet,7.893888392736342,91.94490432229671,female,pregnant,minor_illness
147,FARM_002,goat,Boer,4.547652614469575,55.96010815480521,male,lactating,healthy
148,FARM_002,cattle,Simmental,6.433493785571251,445.7069200222751,female,lactating,healthy
149,FARM_002,sheep,Suffolk,4.259900856231692,74.04184890445367,male,lactating,healthy
150,FARM_002,goat,Nubian,6.4764967772747735,49.929057710286074,male,pregnant,healthy
151,FARM_002,cattle,Holstein,4.261545092049698,632.2353401112174,female,dry,healthy
152,FARM_002,cattle,Holstein,2.6023237018277627,784.428126987782,male,growing,healthy
153,FARM_002,goat,Toggenburg,2.1067772285131365,51.983836470659085,female,lactating,healthy
154,FARM_002,goat,Boer,5.798692132445616,53.97547996197332,female,lactating,healthy
155,FARM_002,cattle,Angus,1.5913777548551713,710.2110466780042,male,dry,healthy
156,FARM_002,cattle,Jersey,5.473107539391241,706.1425124264963,female,lactating,healthy
157,FARM_002,goat,Boer,3.2398558976785177,50.829786925742155,female,dry,healthy
158,FARM_002,goat,Nubian,6.038733156739424,74.67975040046093,female,lactating,healthy
159,FARM_002,goat,Boer,4.0330472746362025,63.80195918801682,male,pregnant,healthy
160,FARM_002,goat,Alpine,4.340329508700196,68.83252385242027,male,growing,recovering
161,FARM_002,sheep,Dorper,7.738545229884123,97.22048627886367,female,lactating,healthy
162,FARM_002,goat,Saanen,1.0780115410644162,43.42034123417872,male,lactating,healthy
163,FARM_002,cattle,Angus,6.247374048727229,568.5698202369992,female,lactating,healthy
164,FARM_002,goat,Saanen,5.950643988535958,54.52236848780362,male,growing,healthy
165,FARM_002,cattle,Holstein,4.92513876221785,517.786303816767,female,dry,healthy
166,FARM_002,cattle,Jersey,6.091989579699044,794.1469248966939,male,growing,healthy
167,FARM_002,sheep,Dorper,4.587203591173451,87.08434721143328,female,lactating,healthy
168,FARM_002,cattle,Angus,4.795335410979536,452.9104844501322,male,lactating,healthy
169,FARM_002,cattle,Angus,8.403254883205065,611.8646714620324,female,growing,healthy
170,FARM_002,sheep,Merino,3.8367366161938214,74.87324469899453,female,pregnant,healthy
171,FARM_002,sheep,Rambouillet,2.845786618442315,63.32491966854411,male,growing,healthy
172,FARM_002,cattle,Holstein,5.448464651244443,629.3177512717602,male,dry,healthy
173,FARM_002,sheep,Suffolk,3.9542524168548114,67.69356882806247,female,pregnant,healthy
174,FARM_002,cattle,Hereford,7.938873329819307,427.29988214163666,male,growing,healthy
175,FARM_002,cattle,Angus,3.6740954406085753,626.5618561187589,female,pregnant,healthy
176,FARM_002,sheep,Rambouillet,4.38628459352689,63.49556111960975,male,growing,healthy
177,FARM_002,goat,Alpine,3.978197483207418,63.87371395667557,female,lactating,healthy
178,FARM_002,cattle,Holstein,1.6762400356222789,691.2755024814413,male,lactating,healthy
179,FARM_002,sheep,Merino,2.7248142326737477,90.95511588371,male,growing,healthy
180,FARM_002,sheep,Suffolk,1.7216562220962142,65.72982784047055,male,pregnant,minor_illness
181,FARM_002,cattle,Jersey,7.215042092010766,608.5202669654277,female,dry,minor_illness
182,FARM_002,goat,Toggenburg,5.554215073233099,68.96413317092555,female,dry,recovering
183,FARM_002,sheep,Merino,5.526654433820144,84.65876057284623,male,lactating,healthy
184,FARM_002,sheep,Merino,2.2640274158913347,78.39726152763147,female,pregnant,healthy
185,FARM_002,cattle,Holstein,2.7333912500706736,446.11280849891375,male,pregnant,healthy
186,FARM_002,goat,Nubian,6.067296391210422,52.76401892973023,female,pregnant,healthy
187,FARM_002,goat,Boer,4.3640631640210845,59.24247535376345,male,lactating,healthy
188,FARM_002,sheep,Texel,5.00699431603426,90.19884897004488,female,lactating,healthy
189,FARM_002,cattle,Jersey,5.681512988908587,570.7268226619458,female,dry,healthy
190,FARM_002,goat,Saanen,6.942047880050662,40.009500943035384,male,lactating,healthy
191,FARM_002,goat,Boer,6.987604663200025,54.028472618068406,female,lactating,healthy
192,FARM_002,cattle,Hereford,6.64754916896533,749.4708456745354,male,lactating,healthy
193,FARM_002,cattle,Hereford,7.638240714300023,495.5108583073209,male,lactating,healthy
194,FARM_002,sheep,Suffolk,3.074156843191931,61.680387552495496,male,growing,healthy
195,FARM_002,sheep,Merino,1.766273190753806,69.5815070270178,female,growing,minor_illness
196,FARM_002,cattle,Simmental,3.330843864416323,635.4216915892981,male,growing,healthy
197,FARM_002,goat,Toggenburg,6.935109458880154,69.73411291574496,female,pregnant,healthy
198,FARM_002,cattle,Simmental,8.475782659755621,448.13550481399835,male,dry,healthy
199,FARM_002,cattle,Holstein,9.61543236684993,730.4822783175864,male,lactating,healthy
200,FARM_002,goat,Alpine,4.109562200058353,63.89096289721364,male,lactating,healthy
201,FARM_003,goat,Saanen,3.9471180452117594,79.85343103226897,male,growing,healthy
202,FARM_003,cattle,Simmental,5.832769806040722,637.1759739366812,female,lactating,healthy
203,FARM_003,cattle,Angus,3.4566343737068346,590.6707313321474,male,lactating,healthy
204,FARM_003,sheep,Merino,3.303359557589097,96.5794744159495,male,pregnant,healthy
205,FARM_003,goat,Boer,5.34052068213151,59.835029403150834,female,lactating,healthy
206,FARM_003,cattle,Hereford,1.6851777354127018,740.4827656195075,female,lactating,healthy
207,FARM_003,cattle,Angus,8.422128693326343,539.1236831608772,female,growing,healthy
208,FARM_003,cattle,Holstein,8.907669877196422,718.9704086427712,female,growing,healthy
209,FARM_003,goat,Alpine,3.0040532724714275,49.5476012520407,male,dry,healthy
210,FARM_003,goat,Nubian,1.9516306317584422,75.23483036795713,female,lactating,healthy
211,FARM_003,goat,Saanen,1.7732192048406712,53.40475417036568,female,pregnant,healthy
212,FARM_003,sheep,Rambouillet,4.552274136325853,50.31929358584168,female,lactating,healthy
213,FARM_003,cattle,Holstein,6.686321743150016,503.9214324256639,female,growing,healthy
214,FARM_003,goat,Boer,5.566167415012168,61.65066314704441,female,dry,healthy
215,FARM_003,goat,Toggenburg,1.6150583679440755,77.48913948945804,female,growing,healthy
216,FARM_003,goat,Alpine,5.625905755192813,68.34288018410518,female,lactating,healthy
217,FARM_003,goat,Saanen,6.229220836914258,78.93955876709587,male,growing,healthy
218,FARM_003,goat,Nubian,5.549579175574135,40.98347665835206,male,lactating,healthy
219,FARM_003,goat,Boer,2.5150524981302933,40.041179193825336,female,dry,healthy
220,FARM_003,cattle,Angus,5.062483218967079,465.44952847666764,male,lactating,healthy
221,FARM_003,sheep,Texel,5.5815784999679465,63.662976349910466,male,dry,healthy
222,FARM_003,cattle,Simmental,9.185720598530365,742.9440368369994,female,dry,healthy
223,FARM_003,cattle,Angus,3.807567914456174,528.297096175251,female,pregnant,healthy
224,FARM_003,goat,Alpine,4.91000095225531,54.74105374895045,male,growing,healthy
225,FARM_003,sheep,Merino,7.080362175689276,88.82984263958708,male,pregnant,healthy
226,FARM_003,goat,Boer,5.780786967184165,51.766718933739114,female,growing,minor_illness
227,FARM_003,sheep,Merino,1.008622846164981,79.91636325612134,female,growing,healthy
228,FARM_003,cattle,Holstein,2.4474292217037106,660.6077867209059,male,lactating,healthy
229,FARM_003,goat,Toggenburg,1.8974838560053946,58.5839438654324,female,growing,healthy
230,FARM_003,goat,Boer,5.169891316759255,74.40489588756819,female,lactating,healthy
231,FARM_003,sheep,Dorper,1.734511248927224,62.10225079312637,male,dry,healthy
232,FARM_003,sheep,Texel,5.917254793808728,77.98243417434571,female,dry,healthy
233,FARM_003,sheep,Merino,1.6150654940138334,67.53134656045904,male,lactating,healthy
234,FARM_003,sheep,Suffolk,7.8422647042035,60.042954493114706,female,dry,healthy
235,FARM_003,sheep,Texel,1.7319748823408019,81.82151247718184,male,pregnant,healthy
236,FARM_003,sheep,Merino,1.3637989855603068,77.06481676505352,female,growing,healthy
237,FARM_003,sheep,Texel,6.612096581488543,66.97250962714031,male,pregnant,healthy
238,FARM_003,sheep,Suffolk,6.486827873932033,74.04519157244924,male,lactating,healthy
239,FARM_003,sheep,Dorper,6.073785919118408,79.66393241550894,female,lactating,healthy
240,FARM_003,goat,Saanen,2.974104626887973,58.8073037078666,male,growing,healthy
241,FARM_003,cattle,Angus,2.455052897321224,408.34445571661524,male,dry,healthy
242,FARM_003,cattle,Angus,6.852931177122432,479.816980371658,male,lactating,healthy
243,FARM_003,goat,Alpine,6.042714437661601,46.967733463130145,male,pregnant,healthy
244,FARM_003,cattle,Hereford,7.618152687991774,707.089555226712,female,growing,healthy
245,FARM_003,goat,Alpine,3.6316925151375425,69.01030641660546,female,growing,healthy
246,FARM_003,sheep,Texel,3.952046488114188,63.841389861752575,male,dry,minor_illness
247,FARM_003,goat,Toggenburg,3.794876842121491,73.43992255124837,male,pregnant,healthy
248,FARM_003,sheep,Suffolk,2.6628032744671435,98.56975470208198,male,lactating,healthy
249,FARM_003,cattle,Holstein,3.2250796696285935,748.2999605090046,male,dry,healthy
250,FARM_003,cattle,Hereford,6.3365576629143465,465.4095490340091,male,lactating,minor_illness
251,FARM_003,sheep,Dorper,5.597156651789046,66.25950321123474,female,growing,healthy
252,FARM_003,cattle,Angus,8.953387026946773,576.8097495131431,female,dry,healthy
253,FARM_003,sheep,Merino,4.016212665632642,62.435713629381496,male,growing,healthy
254,FARM_003,sheep,Texel,3.6555101294569665,80.27690788224415,male,lactating,healthy
255,FARM_003,cattle,Holstein,7.348470347009832,578.5474586050342,male,pregnant,healthy
256,FARM_003,goat,Toggenburg,1.205126595634949,79.46771921428646,male,pregnant,healthy
257,FARM_003,sheep,Rambouillet,5.480020767858396,61.235058848634,male,lactating,healthy
258,FARM_003,cattle,Holstein,6.262036303983298,675.2831463466382,female,lactating,healthy
259,FARM_003,goat,Boer,1.1042787411128778,52.92522628281114,male,lactating,healthy
260,FARM_003,goat,Boer,3.933079481541521,66.67457030184417,female,pregnant,healthy
261,FARM_003,cattle,Hereford,7.342126864629821,480.74138084917934,male,growing,minor_illness
262,FARM_003,cattle,Simmental,4.993751973741141,747.2569017510021,female,pregnant,healthy
263,FARM_003,goat,Saanen,3.2457806028387557,40.70063963448249,female,lactating,healthy
264,FARM_003,goat,Alpine,1.1823223581810212,77.23794782027912,female,growing,healthy
265,FARM_003,goat,Toggenburg,5.001829101945444,63.08740946846993,female,growing,healthy
266,FARM_003,sheep,Merino,7.065070672693518,99.66684686793143,male,lactating,healthy
267,FARM_003,goat,Alpine,1.6546577905944984,66.02046591166862,female,dry,minor_illness
268,FARM_003,goat,Saanen,5.573710808659694,71.91254595434538,male,lactating,healthy
269,FARM_003,sheep,Merino,3.2986685951955677,81.51043741645721,female,pregnant,healthy
270,FARM_003,goat,Nubian,4.29099832990886,63.85941899941686,female,lactating,healthy
271,FARM_003,sheep,Suffolk,5.109431953908056,58.42221925713598,female,dry,healthy
272,FARM_003,cattle,Angus,5.881272984817645,780.5914238663964,female,dry,minor_illness
273,FARM_003,cattle,Jersey,1.980265076620583,459.59674238807787,female,lactating,healthy
274,FARM_003,goat,Boer,5.58929956925277,72.51942954864374,female,growing,minor_illness
275,FARM_003,cattle,Simmental,2.7620018711519148,403.02514999125685,male,lactating,healthy
276,FARM_003,cattle,Hereford,9.34331090316676,424.10695611582435,male,lactating,healthy
277,FARM_003,sheep,Rambouillet,5.321462301890819,76.15423622908924,female,pregnant,minor_illness
278,FARM_003,goat,Saanen,4.662002699865511,68.64602696892774,male,lactating,healthy
279,FARM_003,cattle,Angus,2.1090038875494943,743.7663173122357,male,lactating,healthy
280,FARM_003,goat,Alpine,4.403873317773421,50.26251134805455,female,growing,healthy
281,FARM_003,goat,Alpine,3.241058098230326,61.05996776615124,male,pregnant,healthy
282,FARM_003,sheep,Rambouillet,7.189445243438855,61.40398859744663,male,pregnant,healthy
283,FARM_003,sheep,Merino,6.879029120067043,95.00115616990055,female,lactating,healthy
284,FARM_003,cattle,Hereford,3.4732543199332246,729.0457274054713,female,pregnant,healthy
285,FARM_003,sheep,Dorper,5.367015272736011,72.58838393686145,female,lactating,healthy
286,FARM_003,goat,Nubian,6.176782465259372,48.669592003631024,male,dry,healthy
287,FARM_003,goat,Boer,4.642564216532684,61.8678965085628,female,lactating,healthy
288,FARM_003,cattle,Holstein,5.470901729732525,795.1142080859549,male,pregnant,healthy
289,FARM_003,goat,Saanen,3.5691976895536888,68.70391062632706,male,pregnant,recovering
290,FARM_003,sheep,Dorper,5.222535871493606,66.86135663777102,female,pregnant,healthy
291,FARM_003,cattle,Holstein,6.36175655370061,560.4751656155931,male,pregnant,healthy
292,FARM_003,goat,Nubian,3.654459618884017,73.27452453005688,female,lactating,healthy
293,FARM_003,cattle,Jersey,7.1211873799310625,492.33167566160483,female,pregnant,healthy
294,FARM_003,sheep,Texel,5.63287432894565,77.88917086850125,female,pregnant,healthy
295,FARM_003,sheep,Texel,1.6213717587543792,98.08328679774067,male,pregnant,healthy
296,FARM_003,goat,Saanen,1.5800586978803177,58.014837450327406,female,growing,healthy
297,FARM_003,goat,Toggenburg,1.718974012105878,78.96658514512063,female,lactating,healthy
298,FARM_003,cattle,Holstein,7.044025992517335,437.17165775175596,female,dry,healthy
299,FARM_003,cattle,Simmental,8.434608672272756,712.8112350681544,female,lactating,healthy
300,FARM_003,cattle,Jersey,4.075070517072287,552.3638102043949,female,pregnant,healthy
301,FARM_004,cattle,Angus,8.427574974096071,511.8814153885917,female,growing,healthy
302,FARM_004,sheep,Dorper,6.503931697299661,78.72936911588833,female,lactating,healthy
303,FARM_004,goat,Alpine,1.6981983873128565,72.69798833964767,male,dry,healthy
304,FARM_004,sheep,Dorper,6.53021305414943,65.23395695490204,male,pregnant,healthy
305,FARM_004,sheep,Dorper,5.864657622317232,67.30498632688928,female,dry,healthy
306,FARM_004,cattle,Jersey,2.192722054676636,744.805792909049,female,pregnant,healthy
307,FARM_004,sheep,Rambouillet,3.222720135137159,97.63987638006472,female,lactating,healthy
308,FARM_004,sheep,Rambouillet,1.1806833486464088,56.758314457741136,female,lactating,healthy
309,FARM_004,cattle,Hereford,4.955605197696191,442.2658737046976,female,growing,healthy
310,FARM_004,sheep,Suffolk,5.551407646787074,57.601242656432404,male,lactating,healthy
311,FARM_004,sheep,Merino,1.4071465685383306,99.74331585848836,male,pregnant,healthy
312,FARM_004,cattle,Angus,2.5359828269499856,429.85192573483266,female,dry,healthy
313,FARM_004,goat,Nubian,4.708310045723116,65.32758504053857,female,lactating,healthy
314,FARM_004,cattle,Hereford,6.901513053054907,739.2063540997606,female,pregnant,healthy
315,FARM_004,goat,Toggenburg,3.125417442668647,61.020184878745596,female,dry,healthy
316,FARM_004,cattle,Simmental,1.099281379857825,566.4615992719046,male,lactating,healthy
317,FARM_004,goat,Toggenburg,5.56173893873281,45.48438822915996,male,lactating,healthy
318,FARM_004,cattle,Jersey,3.1708131183958734,790.3495019640216,female,lactating,minor_illness
319,FARM_004,cattle,Angus,3.392660229888821,658.4360493850032,male,growing,healthy
320,FARM_004,cattle,Jersey,2.1447978641870464,745.864156856167,female,growing,healthy
321,FARM_004,goat,Alpine,4.684487867108416,74.38260926587783,female,lactating,minor_illness
322,FARM_004,cattle,Holstein,1.9193457669178429,663.4768584829774,male,lactating,healthy
323,FARM_004,cattle,Holstein,8.567844214833304,415.37053958493,female,growing,healthy
324,FARM_004,goat,Saanen,3.318093459089893,58.004977296790386,male,pregnant,healthy
325,FARM_004,goat,Toggenburg,1.90101400490225,69.49735074885942,male,pregnant,healthy
326,FARM_004,cattle,Holstein,7.715865317336547,663.6142136814724,male,growing,healthy
327,FARM_004,cattle,Simmental,5.577213605028206,555.0380925931079,male,dry,recovering
328,FARM_004,goat,Boer,4.968223666422486,47.40782271469872,male,dry,healthy
329,FARM_004,sheep,Suffolk,1.1466147272163898,54.10858337382137,female,lactating,healthy
330,FARM_004,cattle,Holstein,4.437456756876063,482.27490487822206,male,growing,healthy
331,FARM_004,sheep,Merino,5.507329774787915,76.51510666245792,female,pregnant,minor_illness
332,FARM_004,cattle,Hereford,3.6353983303086825,791.9881317435402,female,lactating,healthy
333,FARM_004,goat,Nubian,1.9398306218428498,41.74942503519878,male,growing,healthy
334,FARM_004,cattle,Holstein,4.383936009471803,620.0367761832624,female,lactating,healthy
335,FARM_004,sheep,Texel,1.8505096341064264,59.873524492996864,female,lactating,healthy
336,FARM_004,goat,Saanen,5.895681633811703,74.45479985453744,male,growing,minor_illness
337,FARM_004,sheep,Rambouillet,6.285293501223948,73.026974863707,female,dry,healthy
338,FARM_004,goat,Nubian,1.3231492419881568,52.80239330083934,female,pregnant,healthy
339,FARM_004,cattle,Simmental,2.483333341564934,452.69150938182474,male,growing,healthy
340,FARM_004,goat,Boer,1.9040566462592643,53.69534544134186,female,pregnant,healthy
341,FARM_004,cattle,Angus,3.677936061869385,626.0087971436064,male,dry,healthy
342,FARM_004,goat,Alpine,5.566729222258948,46.40286539818292,female,dry,healthy
343,FARM_004,cattle,Hereford,7.5381554360170435,796.7239805397453,female,pregnant,healthy
344,FARM_004,sheep,Suffolk,2.428249442402292,77.7542474651143,female,dry,healthy
345,FARM_004,goat,Saanen,3.1323074121144368,71.35167137941589,female,growing,healthy
346,FARM_004,sheep,Suffolk,1.2471794845816735,87.2866891365616,female,lactating,minor_illness
347,FARM_004,cattle,Hereford,3.942384547042712,459.55522013297787,male,dry,healthy
348,FARM_004,cattle,Jersey,4.314785774561635,579.444252381817,female,dry,healthy
349,FARM_004,goat,Saanen,3.349154189066976,56.50487363394495,female,pregnant,healthy
350,FARM_004,sheep,Texel,2.2692349594785366,69.38367973751971,male,pregnant,healthy
351,FARM_004,cattle,Angus,1.5836823503467152,631.9935149712526,male,growing,healthy
352,FARM_004,sheep,Suffolk,5.195582759640537,80.10728220262405,female,growing,healthy
353,FARM_004,goat,Boer,1.3513055754638752,53.36953274784243,female,dry,healthy
354,FARM_004,goat,Nubian,4.103614338649656,57.60795991821962,female,dry,healthy
355,FARM_004,goat,Alpine,1.5316025780777034,48.824478108448446,male,growing,healthy
356,FARM_004,goat,Alpine,6.598679988061346,65.70260798140765,male,dry,healthy
357,FARM_004,goat,Boer,5.115467626299182,79.64505727285214,female,pregnant,healthy
358,FARM_004,sheep,Rambouillet,2.2913337719354754,68.11177208261442,female,pregnant,healthy
359,FARM_004,cattle,Simmental,7.279035647680677,771.8467691502738,male,lactating,healthy
360,FARM_004,goat,Saanen,6.236381502907611,73.67734267167235,male,growing,healthy
361,FARM_004,sheep,Rambouillet,5.942133053648172,81.55853229783531,female,pregnant,minor_illness
362,FARM_004,goat,Alpine,5.681278380580614,40.281168152544765,male,dry,healthy
363,FARM_004,cattle,Hereford,6.912596406404256,782.6458484333832,female,growing,healthy
364,FARM_004,sheep,Texel,2.930038971668866,63.78061693394727,female,growing,recovering
365,FARM_004,sheep,Suffolk,6.91352605400215,63.40695100477567,male,lactating,healthy
366,FARM_004,goat,Nubian,4.718196641196494,62.47971389867227,male,growing,healthy
367,FARM_004,goat,Saanen,5.3946923910285385,61.93282334905697,female,pregnant,healthy
368,FARM_004,cattle,Jersey,8.450815377899556,715.0852062110835,female,lactating,healthy
369,FARM_004,cattle,Jersey,2.304685651418353,690.0622910204459,male,growing,healthy
370,FARM_004,goat,Alpine,6.682215926432338,78.69424711153101,male,lactating,healthy
371,FARM_004,cattle,Hereford,4.761909404834359,435.53609803502576,female,pregnant,healthy
372,FARM_004,cattle,Simmental,8.741257240144915,689.1257212833934,male,pregnant,healthy
373,FARM_004,cattle,Jersey,1.7355281117210044,583.3202566114626,male,dry,healthy
374,FARM_004,sheep,Merino,5.683156361303758,73.11477805003037,female,pregnant,healthy
375,FARM_004,sheep,Texel,1.4359117411731992,75.62513243851659,female,pregnant,healthy
376,FARM_004,goat,Alpine,2.2081826928158463,50.34483339552155,female,dry,healthy
377,FARM_004,sheep,Texel,4.635701016527562,60.24406370753563,male,pregnant,healthy
378,FARM_004,sheep,Dorper,7.62646567939725,78.00911291874559,female,dry,healthy
379,FARM_004,sheep,Merino,1.6590633708798852,67.18315963045515,female,lactating,healthy
380,FARM_004,goat,Nubian,3.7101809153900964,55.89525561941266,male,pregnant,healthy
381,FARM_004,goat,Nubian,4.139977787168448,51.48551832338302,female,lactating,healthy
382,FARM_004,cattle,Holstein,4.563734253962094,766.0360273628173,female,dry,healthy
383,FARM_004,sheep,Texel,2.162240193913368,80.67365693195882,male,pregnant,healthy
384,FARM_004,goat,Alpine,4.588675776214108,41.335344071455246,female,lactating,healthy
385,FARM_004,goat,Toggenburg,3.6419405102100937,64.61192100279209,female,pregnant,healthy
386,FARM_004,goat,Alpine,3.5065658756505984,79.3644127614599,male,dry,healthy
387,FARM_004,sheep,Suffolk,3.992427815444306,58.111670289123964,male,lactating,healthy
388,FARM_004,cattle,Hereford,7.474182601322427,756.1032212071209,female,dry,healthy
389,FARM_004,cattle,Hereford,8.723593478414475,727.6254055446625,female,dry,healthy
390,FARM_004,cattle,Angus,9.11166409697184,660.6671674825704,male,lactating,healthy
391,FARM_004,sheep,Dorper,7.158753397661867,76.27174562728464,female,lactating,healthy
392,FARM_004,sheep,Merino,2.6791187892916133,57.09859948804969,male,pregnant,healthy
393,FARM_004,sheep,Dorper,5.558033094171719,81.04642837392156,female,lactating,healthy
394,FARM_004,goat,Boer,4.804852829774421,45.05058966258011,female,dry,healthy
395,FARM_004,goat,Alpine,4.931694458149949,79.66970468671354,male,pregnant,healthy
396,FARM_004,goat,Nubian,6.198319085508052,48.62119475165328,male,pregnant,healthy
397,FARM_004,cattle,Simmental,4.6747570848350595,703.6994932243372,female,growing,healthy
398,FARM_004,cattle,Angus,1.5318450107042794,759.538955272099,male,lactating,healthy
399,FARM_004,goat,Boer,1.6659368152808864,57.88222175225702,female,dry,healthy
400,FARM_004,sheep,Dorper,3.8893279048621823,90.11771645796321,male,growing,healthy
401,FARM_005,sheep,Suffolk,7.763703874947588,56.37269797114345,male,pregnant,recovering
402,FARM_005,goat,Saanen,5.195892250757222,73.57843638003067,male,pregnant,healthy
403,FARM_005,cattle,Angus,6.654142994169533,613.070354704622,male,pregnant,healthy
404,FARM_005,sheep,Rambouillet,4.7848893365143725,54.82672350977204,female,lactating,healthy
405,FARM_005,cattle,Angus,1.668167856895478,490.54059773659435,female,dry,healthy
406,FARM_005,goat,Nubian,6.2634367429732025,75.09047051304718,male,dry,healthy
407,FARM_005,goat,Toggenburg,6.028913101311547,51.411613534292655,female,pregnant,healthy
408,FARM_005,sheep,Suffolk,5.013445419446526,82.94125350700352,female,growing,healthy
409,FARM_005,cattle,Simmental,1.844715563410206,763.8507277746369,female,pregnant,healthy
410,FARM_005,cattle,Simmental,7.250054105176379,432.88282548471267,female,growing,healthy
411,FARM_005,goat,Alpine,3.0448941987390796,46.592987013870484,female,growing,minor_illness
412,FARM_005,sheep,Texel,6.521615847337517,81.9802780588841,male,pregnant,healthy
413,FARM_005,sheep,Texel,4.413669480348851,82.61121297727362,female,growing,healthy
414,FARM_005,goat,Alpine,4.037596356971217,65.36416125505326,female,dry,healthy
415,FARM_005,cattle,Simmental,5.252440195058622,418.2594982009535,female,pregnant,healthy
416,FARM_005,cattle,Holstein,3.9821230639274567,592.816423244833,female,dry,healthy
417,FARM_005,cattle,Hereford,2.8629332059458408,606.6290513783916,female,lactating,healthy
418,FARM_005,sheep,Dorper,6.907472288282068,64.24540107654803,male,lactating,healthy
419,FARM_005,sheep,Suffolk,3.0544217624568515,96.58768597164081,male,growing,healthy
420,FARM_005,cattle,Holstein,2.0245455412894127,538.0892571206768,male,pregnant,healthy
421,FARM_005,cattle,Angus,1.403682112212118,580.2388075932536,male,dry,healthy
422,FARM_005,goat,Nubian,6.293551336569085,66.83772018970032,male,growing,healthy
423,FARM_005,cattle,Simmental,7.465863068368617,781.6132510340162,male,growing,healthy
424,FARM_005,sheep,Rambouillet,6.807112898056753,52.02793687723407,female,dry,healthy
425,FARM_005,sheep,Merino,4.193655562688794,68.45265108804583,male,pregnant,healthy
426,FARM_005,cattle,Holstein,4.638157566797883,528.43243883482,male,pregnant,healthy
427,FARM_005,cattle,Holstein,6.818050811121463,755.2156257440472,male,dry,healthy
428,FARM_005,goat,Alpine,4.675440810068915,74.9479437386538,female,dry,healthy
429,FARM_005,sheep,Rambouillet,1.4651069104904242,76.6983736273882,female,dry,healthy
430,FARM_005,sheep,Texel,3.0652849535790936,74.30002468988015,male,pregnant,healthy
431,FARM_005,cattle,Holstein,2.944462285105185,586.6431138788863,female,lactating,healthy
432,FARM_005,cattle,Angus,4.869379696511333,669.186648957773,male,lactating,healthy
433,FARM_005,sheep,Texel,2.5839537574996227,69.21198100686907,male,growing,healthy
434,FARM_005,cattle,Angus,6.2397887193470245,548.4689693750511,male,dry,healthy
435,FARM_005,cattle,Jersey,2.501741815288775,572.211735384883,female,lactating,healthy
436,FARM_005,cattle,Hereford,4.057919444360061,606.8957526857328,female,growing,healthy
437,FARM_005,goat,Boer,3.457773369371392,52.44869980253574,female,growing,healthy
438,FARM_005,sheep,Texel,5.061550631495206,77.984422241897,male,growing,healthy
439,FARM_005,sheep,Rambouillet,2.5994072272833955,98.87260589951839,male,pregnant,healthy
440,FARM_005,sheep,Dorper,2.4620484949401797,96.28186650126679,male,dry,healthy
441,FARM_005,sheep,Dorper,2.0294329539661184,74.39255985962032,female,lactating,healthy
442,FARM_005,cattle,Jersey,4.373232110036167,589.6025713932623,female,growing,recovering
443,FARM_005,cattle,Holstein,1.793815334108836,642.750936630772,female,growing,healthy
444,FARM_005,sheep,Texel,7.860762946896369,73.89392240111212,male,dry,healthy
445,FARM_005,cattle,Angus,8.546942934125454,542.4742588470376,female,growing,healthy
446,FARM_005,sheep,Merino,4.552124562838195,83.86936607593584,male,growing,healthy
447,FARM_005,goat,Alpine,4.4828056059621755,45.56786805382782,male,lactating,healthy
448,FARM_005,goat,Nubian,3.4106728039259453,79.75393555598794,female,dry,healthy
449,FARM_005,cattle,Jersey,5.153009606985814,692.3272114847235,female,growing,healthy
450,FARM_005,cattle,Hereford,9.162485279513506,452.948951613989,male,lactating,healthy
451,FARM_005,sheep,Rambouillet,4.209264971984805,51.89907816449267,female,pregnant,healthy
452,FARM_005,cattle,Holstein,7.12680303664437,586.7128308924752,female,growing,minor_illness
453,FARM_005,goat,Boer,4.077414496883185,43.74689682823641,female,growing,healthy
454,FARM_005,goat,Saanen,3.948509065171341,60.89776581621858,female,growing,healthy
455,FARM_005,goat,Boer,6.512408263638264,54.49072348394365,male,pregnant,healthy
456,FARM_005,goat,Saanen,3.6607350182914247,64.08467941419119,male,growing,healthy
457,FARM_005,goat,Alpine,1.3568294132036847,40.12671394322807,male,lactating,healthy
458,FARM_005,goat,Boer,3.6899143322165333,60.41729956016929,female,lactating,minor_illness
459,FARM_005,sheep,Rambouillet,1.2138461996536598,93.60241692235039,female,dry,healthy
460,FARM_005,cattle,Hereford,8.239934869115544,511.5039489658212,female,dry,minor_illness
461,FARM_005,goat,Boer,6.986925134091869,67.07285195429583,male,growing,healthy
462,FARM_005,goat,Boer,5.42721711136918,73.36578388002704,male,pregnant,healthy
463,FARM_005,cattle,Hereford,6.926864641030494,706.4463731182345,female,pregnant,healthy
464,FARM_005,goat,Alpine,5.338896918787777,51.213378431660836,female,dry,healthy
465,FARM_005,goat,Boer,4.294782017663036,65.28359318024968,male,lactating,healthy
466,FARM_005,cattle,Simmental,1.9084707997976933,747.577700911658,female,growing,healthy
467,FARM_005,sheep,Suffolk,2.6956185247719686,73.91299420976117,female,dry,healthy
468,FARM_005,goat,Nubian,6.180404601142011,56.05224096878849,male,dry,healthy
469,FARM_005,goat,Boer,1.132161527342902,63.33029969824462,male,lactating,healthy
470,FARM_005,sheep,Rambouillet,1.235684247497109,60.73140366294014,male,lactating,healthy
471,FARM_005,goat,Alpine,5.3187487201281165,74.67733873407535,female,dry,healthy
472,FARM_005,sheep,Texel,5.459635859566335,76.31392301691014,female,growing,healthy
473,FARM_005,cattle,Hereford,2.2858836520547055,710.1384601612542,female,growing,healthy
474,FARM_005,sheep,Suffolk,1.9367985409978519,81.47788484458682,male,lactating,healthy
475,FARM_005,goat,Alpine,1.000808158026912,60.44516556948919,female,dry,healthy
476,FARM_005,sheep,Merino,1.4388273513530612,91.96692461780012,male,dry,healthy
477,FARM_005,cattle,Simmental,9.377986348547276,730.6858639724073,male,pregnant,healthy
478,FARM_005,sheep,Texel,5.002664145250076,95.35999107803111,male,lactating,healthy
479,FARM_005,sheep,Texel,5.725980428047676,55.80113406740846,male,dry,healthy
480,FARM_005,goat,Alpine,5.223142549805987,40.17453078601236,male,lactating,healthy
481,FARM_005,cattle,Simmental,9.694427546158096,704.4151161003132,male,growing,healthy
482,FARM_005,sheep,Merino,1.7375544557559954,89.09119316724679,female,lactating,healthy
483,FARM_005,cattle,Hereford,8.792381487001197,590.3870924046623,female,dry,healthy
484,FARM_005,goat,Nubian,1.0172875099936876,74.35826741682519,male,dry,healthy
485,FARM_005,goat,Saanen,2.2719643281919484,66.29413928680515,male,dry,healthy
486,FARM_005,cattle,Hereford,7.100318802790398,643.100848901089,female,lactating,healthy
487,FARM_005,goat,Nubian,5.431584748793984,52.625093750534,female,growing,healthy
488,FARM_005,sheep,Merino,7.231505018453221,64.37047982327898,male,lactating,healthy
489,FARM_005,sheep,Suffolk,4.806640095063662,54.99334105680891,female,dry,healthy
490,FARM_005,sheep,Suffolk,1.1352934164232074,56.21841995002551,female,pregnant,healthy
491,FARM_005,goat,Alpine,6.436395314118192,50.6670078664791,male,pregnant,healthy
492,FARM_005,sheep,Texel,3.7835330571442527,88.11545160109694,male,growing,healthy
493,FARM_005,cattle,Hereford,9.784124409512922,450.22008590506135,male,dry,healthy
494,FARM_005,sheep,Merino,1.8414506038440337,63.2791416479303,female,growing,healthy
495,FARM_005,cattle,Jersey,3.009370469546767,656.7439835421421,female,growing,healthy
496,FARM_005,cattle,Hereford,5.935438325760885,751.7020459385539,male,lactating,healthy
497,FARM_005,cattle,Holstein,3.620298230066611,482.8379672706285,male,growing,healthy
498,FARM_005,cattle,Holstein,9.436405943478887,641.3167222859772,male,pregnant,healthy
499,FARM_005,sheep,Texel,7.704528606917427,97.13621595470562,male,growing,recovering
500,FARM_005,sheep,Dorper,7.739378451772442,53.78025203083754,male,lactating,healthy
501,FARM_006,goat,Saanen,6.37645067076744,73.88777756134327,male,lactating,healthy
502,FARM_006,cattle,Simmental,5.745386628237309,762.5683855657747,male,growing,healthy
503,FARM_006,cattle,Holstein,9.52655724627802,534.9360564068094,female,growing,healthy
504,FARM_006,goat,Alpine,5.13999842385366,67.60386232951373,female,lactating,healthy
505,FARM_006,cattle,Angus,1.4010744110381124,566.2568746743623,female,pregnant,healthy
506,FARM_006,cattle,Jersey,7.11658299461597,430.4956871894258,female,dry,healthy
507,FARM_006,sheep,Suffolk,2.2621555479594466,72.92989717569199,male,dry,healthy
508,FARM_006,cattle,Angus,7.06914081121122,454.79962522146855,male,lactating,healthy
509,FARM_006,goat,Nubian,4.954682586817159,44.35573255924156,female,pregnant,healthy
510,FARM_006,goat,Saanen,4.135238300392319,48.764699178797535,male,lactating,minor_illness
511,FARM_006,goat,Saanen,6.887067020573767,47.60430599134911,male,lactating,minor_illness
512,FARM_006,sheep,Merino,7.72094923083813,76.0729819360736,female,dry,healthy
513,FARM_006,cattle,Jersey,5.29210095821173,687.3324701488016,male,dry,healthy
514,FARM_006,goat,Alpine,1.9761984628513953,62.60341249811025,female,lactating,healthy
515,FARM_006,cattle,Simmental,1.0813462217136296,542.8117375880049,female,growing,healthy
516,FARM_006,goat,Toggenburg,2.3324552241599235,52.866799586381944,female,pregnant,healthy
517,FARM_006,goat,Toggenburg,2.4748446358369183,56.11057593849007,female,lactating,healthy
518,FARM_006,cattle,Angus,9.593622937346213,597.8700758365134,male,lactating,healthy
519,FARM_006,goat,Nubian,1.5443302134095862,41.30471793366266,male,lactating,healthy
520,FARM_006,sheep,Merino,6.512843601011455,62.55006916311501,female,lactating,healthy
521,FARM_006,cattle,Jersey,9.120127631160143,750.942244882104,female,growing,healthy
522,FARM_006,goat,Boer,5.51063303823456,49.14777637601459,male,lactating,healthy
523,FARM_006,cattle,Holstein,9.554132535177661,632.6489171956774,male,growing,healthy
524,FARM_006,goat,Nubian,5.552657522543951,51.299842638914086,female,pregnant,healthy
525,FARM_006,goat,Saanen,6.3553493649188475,56.77791975829254,female,pregnant,healthy
526,FARM_006,goat,Saanen,2.228080654343704,63.64521213034066,male,growing,healthy
527,FARM_006,goat,Nubian,4.8162548126798095,54.57416953712928,female,pregnant,healthy
528,FARM_006,cattle,Angus,1.855477409794235,730.6987072104988,male,lactating,healthy
529,FARM_006,cattle,Jersey,8.42309070650008,606.2637623425813,male,pregnant,healthy
530,FARM_006,goat,Toggenburg,1.2254265423934443,45.1146720488967,female,lactating,healthy
531,FARM_006,cattle,Hereford,5.702591629770296,421.8537680003889,female,growing,healthy
532,FARM_006,sheep,Rambouillet,3.127597585785191,61.520833105867496,male,dry,healthy
533,FARM_006,sheep,Dorper,5.641330342623957,87.09481634793576,male,lactating,healthy
534,FARM_006,sheep,Rambouillet,5.98834933168959,90.8389733252818,female,lactating,healthy
535,FARM_006,goat,Nubian,6.909150416574855,70.16993038728323,male,dry,healthy
536,FARM_006,cattle,Angus,4.73022743985409,701.5318802276875,female,pregnant,healthy
537,FARM_006,sheep,Merino,2.8819271971699036,81.42170237094994,female,lactating,healthy
538,FARM_006,goat,Alpine,1.7796482336076473,62.403667897735815,male,lactating,healthy
539,FARM_006,goat,Nubian,6.83451999424062,57.952545829864235,female,growing,healthy
540,FARM_006,goat,Boer,5.821108650609606,44.88121977287395,female,pregnant,healthy
541,FARM_006,cattle,Holstein,1.2777211387726521,420.7581198073643,male,lactating,healthy
542,FARM_006,cattle,Angus,2.069869520593648,705.8876565905116,female,pregnant,healthy
543,FARM_006,cattle,Holstein,4.424659388829051,465.2141347726364,female,growing,healthy
544,FARM_006,sheep,Merino,1.1763538977146055,91.94986638590053,female,dry,healthy
545,FARM_006,sheep,Suffolk,4.063629297037425,61.74867024979764,male,lactating,healthy
546,FARM_006,cattle,Holstein,9.703317477305315,420.66748866318443,male,lactating,healthy
547,FARM_006,sheep,Rambouillet,7.730593372881593,85.72053818132991,male,growing,healthy
548,FARM_006,goat,Saanen,5.852739907381231,67.08609649830694,female,pregnant,healthy
549,FARM_006,sheep,Dorper,4.5106082303581365,53.544578794564266,female,growing,minor_illness
550,FARM_006,sheep,Dorper,5.395953678228687,62.3755036570206,female,growing,healthy
551,FARM_006,sheep,Rambouillet,3.147436196654988,67.64792517261783,male,dry,healthy
552,FARM_006,cattle,Hereford,4.640746470164827,427.34128012398344,male,lactating,healthy
553,FARM_006,cattle,Angus,7.097868509531806,428.8444371717741,female,pregnant,healthy
554,FARM_006,cattle,Simmental,8.06375640662992,693.3946985968416,male,dry,healthy
555,FARM_006,sheep,Rambouillet,1.709610282872114,63.892638804485614,female,pregnant,healthy
556,FARM_006,cattle,Jersey,5.051048738273299,790.8416932206294,female,dry,healthy
557,FARM_006,sheep,Merino,6.165194893842243,85.22772140137226,male,lactating,healthy
558,FARM_006,goat,Boer,4.632896015286428,60.671597565126326,male,growing,healthy
559,FARM_006,sheep,Suffolk,5.225460403915625,53.84897335324831,male,pregnant,minor_illness
560,FARM_006,goat,Alpine,1.5524019164948526,63.961783486015264,female,pregnant,healthy
561,FARM_006,sheep,Rambouillet,1.1057747895013252,98.25076847272359,male,pregnant,healthy
562,FARM_006,cattle,Holstein,5.731805976032214,499.8097467352994,female,lactating,healthy
563,FARM_006,goat,Saanen,3.6945084700656805,64.49032603047378,male,dry,minor_illness
564,FARM_006,cattle,Angus,7.950709136488086,650.081907812177,female,lactating,healthy
565,FARM_006,cattle,Holstein,4.470521615790832,774.5068557652876,male,growing,minor_illness
566,FARM_006,sheep,Texel,6.080081372548723,80.86245104243628,female,growing,healthy
567,FARM_006,sheep,Merino,4.4862827513980825,87.1412487453158,female,pregnant,healthy
568,FARM_006,cattle,Holstein,4.90618875437883,503.4846568621764,male,pregnant,healthy
569,FARM_006,sheep,Dorper,5.12617792639288,80.66458424436895,male,lactating,healthy
570,FARM_006,cattle,Holstein,8.365326098332035,420.0074307284449,female,pregnant,healthy
571,FARM_006,cattle,Holstein,1.1423187660966585,430.85806741583275,female,growing,healthy
572,FARM_006,sheep,Dorper,2.5074106696778684,79.85478850933599,female,dry,healthy
573,FARM_006,goat,Saanen,6.309785849083527,55.33136958568805,female,pregnant,healthy
574,FARM_006,sheep,Dorper,5.317485254967788,87.14407468339695,female,pregnant,healthy
575,FARM_006,goat,Saanen,3.5649739021405553,48.2486962033656,male,lactating,healthy
576,FARM_006,cattle,Simmental,6.998167427741522,714.9548107009332,male,dry,healthy
577,FARM_006,goat,Boer,5.232764981700917,57.10405334813349,female,dry,healthy
578,FARM_006,cattle,Hereford,4.774506505002744,600.0320473086331,female,pregnant,healthy
579,FARM_006,cattle,Hereford,6.312093932358034,563.0531431918623,male,dry,healthy
580,FARM_006,goat,Alpine,5.586644368453026,56.38684213503971,female,lactating,healthy
581,FARM_006,sheep,Rambouillet,2.123238299898585,53.52459728215723,female,growing,healthy
582,FARM_006,goat,Boer,5.884754113546971,67.40537239497937,male,growing,healthy
583,FARM_006,goat,Saanen,4.213322889278036,54.27543900684441,male,dry,healthy
584,FARM_006,cattle,Simmental,3.770162485126711,765.5153775493037,female,lactating,healthy
585,FARM_006,sheep,Merino,4.539439073953712,97.05604062668368,male,lactating,healthy
586,FARM_006,cattle,Angus,8.459841486276627,539.5560300167294,male,dry,healthy
587,FARM_006,goat,Alpine,3.068688520435882,58.47373925100442,female,lactating,healthy
588,FARM_006,cattle,Simmental,5.132703103593056,564.4374435521759,female,dry,healthy
589,FARM_006,goat,Toggenburg,1.9917069408577446,40.07968540876281,female,lactating,healthy
590,FARM_006,sheep,Merino,3.416609675689807,70.71004627859152,female,dry,healthy
591,FARM_006,sheep,Suffolk,5.4424747954116635,79.10719037888992,female,lactating,healthy
592,FARM_006,goat,Boer,3.0140429982343577,69.97561811204636,female,growing,recovering
593,FARM_006,cattle,Holstein,4.8604990008712985,616.3620015352324,female,growing,healthy
594,FARM_006,cattle,Simmental,5.501014768689643,564.7832380136408,female,lactating,healthy
595,FARM_006,goat,Toggenburg,5.1797636273043395,59.828150009275646,male,lactating,healthy
596,FARM_006,sheep,Merino,2.4437647968530682,69.5929686594013,male,pregnant,healthy
597,FARM_006,cattle,Simmental,7.988403723859163,644.5346408866587,male,lactating,healthy
598,FARM_006,goat,Toggenburg,4.770558739687522,67.54526517231503,female,growing,healthy
599,FARM_006,cattle,Holstein,5.1854972347057995,749.6682728628105,male,pregnant,healthy
600,FARM_006,sheep,Merino,4.7210417774249525,75.5280897704669,male,dry,healthy
601,FARM_007,goat,Boer,1.0802060995563738,56.38956945771756,male,growing,healthy
602,FARM_007,sheep,Texel,2.2720630525970957,87.154076981569,male,growing,healthy
603,FARM_007,cattle,Simmental,5.054307143235358,605.3472840899663,female,pregnant,healthy
604,FARM_007,cattle,Angus,1.3855379960720193,578.5547561052779,male,dry,healthy
605,FARM_007,goat,Nubian,3.7854311184353495,68.90951008955219,female,pregnant,healthy
606,FARM_007,goat,Boer,5.98820623733182,73.69302018999736,male,growing,healthy
607,FARM_007,sheep,Rambouillet,1.7257500651399353,52.432883183085664,female,growing,healthy
608,FARM_007,sheep,Rambouillet,4.647512333558715,67.51014955453651,female,dry,healthy
609,FARM_007,goat,Toggenburg,2.24345379861327,68.52943472333348,male,pregnant,healthy
610,FARM_007,goat,Nubian,3.3445309139778225,46.3471549475874,female,pregnant,healthy
611,FARM_007,cattle,Jersey,9.00215131546009,631.5227018047763,female,dry,healthy
612,FARM_007,sheep,Rambouillet,6.014779783706693,63.54713491581827,female,growing,healthy
613,FARM_007,cattle,Angus,8.753623365042042,747.4558559293703,female,growing,healthy
614,FARM_007,cattle,Jersey,7.265405306241327,553.1195057745551,female,pregnant,healthy
615,FARM_007,cattle,Holstein,3.376557862243469,775.6273917801166,female,lactating,healthy
616,FARM_007,cattle,Hereford,5.1680324245376035,511.3830185494292,male,growing,healthy
617,FARM_007,sheep,Rambouillet,6.704578099783775,88.90126215723265,male,pregnant,healthy
618,FARM_007,sheep,Rambouillet,6.234870020884503,57.5304051609137,female,lactating,healthy
619,FARM_007,sheep,Rambouillet,7.154300408208734,62.16983416092653,male,growing,healthy
620,FARM_007,sheep,Merino,7.28543430870366,94.4059094467018,female,pregnant,minor_illness
621,FARM_007,cattle,Jersey,8.60384212979706,499.60349444363595,female,lactating,healthy
622,FARM_007,goat,Nubian,6.41856236725923,77.34284333830593,male,growing,healthy
623,FARM_007,goat,Toggenburg,3.794954519338748,62.84649194489444,female,lactating,healthy
624,FARM_007,goat,Nubian,6.350265191216476,73.96716022006817,female,pregnant,healthy
625,FARM_007,cattle,Angus,1.1416862169610928,406.8599127660792,female,dry,healthy
626,FARM_007,goat,Boer,1.0320769651261867,77.53654975432576,male,lactating,healthy
627,FARM_007,goat,Alpine,1.4159699823265885,65.53288959167307,male,pregnant,healthy
628,FARM_007,cattle,Angus,6.209561512320333,627.7937936689016,male,growing,healthy
629,FARM_007,sheep,Texel,4.693742263551865,60.58179492849306,male,lactating,recovering
630,FARM_007,sheep,Merino,4.22816830877737,96.99658959849111,female,pregnant,minor_illness
631,FARM_007,cattle,Jersey,4.261881903542462,745.4565685186465,female,pregnant,minor_illness
632,FARM_007,cattle,Holstein,6.798310512857304,789.6990616579025,female,dry,healthy
633,FARM_007,cattle,Hereford,4.724447187887162,481.6666236672972,female,dry,healthy
634,FARM_007,cattle,Simmental,9.5386995563474,424.2419630859639,female,growing,healthy
635,FARM_007,goat,Boer,3.7214739995370048,58.194897712114724,female,dry,minor_illness
636,FARM_007,sheep,Rambouillet,2.075837299909432,78.63036164410113,female,dry,minor_illness
637,FARM_007,sheep,Dorper,5.149881263556771,67.74623304385051,female,growing,healthy
638,FARM_007,sheep,Merino,5.2479286887809735,94.04865028198287,female,dry,healthy
639,FARM_007,goat,Toggenburg,6.857121849928502,67.33815109630035,male,lactating,healthy
640,FARM_007,goat,Alpine,6.9834273994216165,41.201040213175716,female,lactating,healthy
641,FARM_007,goat,Alpine,3.7900571051585654,73.89551722285495,female,dry,healthy
642,FARM_007,goat,Toggenburg,6.852058800874423,72.67895629087347,female,dry,minor_illness
643,FARM_007,goat,Boer,5.7364565314815135,56.64872235381397,female,dry,healthy
644,FARM_007,sheep,Suffolk,1.5237484363648113,71.9228357625289,female,pregnant,recovering
645,FARM_007,cattle,Hereford,3.5053163349639096,719.3172788836746,female,growing,healthy
646,FARM_007,sheep,Texel,6.786328418517421,68.27978505019834,female,lactating,healthy
647,FARM_007,cattle,Jersey,8.281212762625088,458.7687694335083,female,dry,healthy
648,FARM_007,goat,Saanen,5.975885404754557,68.267021347108,female,growing,healthy
649,FARM_007,sheep,Suffolk,4.5385613227290476,57.20393930065998,male,growing,healthy
650,FARM_007,sheep,Merino,4.092225441463949,99.2117249617217,female,lactating,healthy
651,FARM_007,cattle,Jersey,5.1258828171829425,690.0024305196475,female,dry,healthy
652,FARM_007,cattle,Jersey,3.8248794705022346,615.2090821455612,male,lactating,recovering
653,FARM_007,cattle,Hereford,1.1424085479713875,609.104056624748,male,growing,healthy
654,FARM_007,sheep,Dorper,5.606578093244332,55.85058624289731,female,dry,healthy
655,FARM_007,goat,Nubian,3.4968722058436406,60.55402938306392,female,lactating,healthy
656,FARM_007,cattle,Simmental,5.5913354241069095,694.4959240535333,female,dry,healthy
657,FARM_007,sheep,Texel,7.791647410904138,96.61613791144387,male,growing,healthy
658,FARM_007,goat,Nubian,1.9918137168277676,74.17043155989343,male,lactating,healthy
659,FARM_007,sheep,Rambouillet,5.036298049908025,77.93829723121988,female,lactating,healthy
660,FARM_007,goat,Saanen,3.2043443721824225,43.48068873211155,male,pregnant,healthy
661,FARM_007,goat,Toggenburg,2.0507388407821194,66.91058457649866,male,pregnant,healthy
662,FARM_007,sheep,Texel,2.747682669181611,63.16236732590056,male,lactating,healthy
663,FARM_007,sheep,Merino,5.391302545634746,87.51328819694211,female,growing,healthy
664,FARM_007,goat,Toggenburg,1.562659157542099,59.44521940859696,female,pregnant,healthy
665,FARM_007,sheep,Dorper,2.6670265756598743,95.42172759396877,male,lactating,healthy
666,FARM_007,cattle,Simmental,2.390429836044332,594.9061416400203,female,pregnant,healthy
667,FARM_007,goat,Toggenburg,5.616693364492282,55.91462812069709,female,dry,healthy
668,FARM_007,cattle,Simmental,1.4090725039221637,658.6401775794648,male,growing,healthy
669,FARM_007,sheep,Texel,4.508929512380106,52.51215049114911,female,dry,healthy
670,FARM_007,cattle,Holstein,8.16406662184555,701.4936281712019,female,lactating,healthy
671,FARM_007,cattle,Simmental,2.0043369996152274,643.3278000031087,female,pregnant,healthy
672,FARM_007,cattle,Angus,8.213011986006583,556.8374307618291,male,pregnant,healthy
673,FARM_007,cattle,Holstein,3.132399924159838,670.957251955549,male,growing,minor_illness
674,FARM_007,sheep,Suffolk,3.2263470078564307,87.47130029904044,male,dry,healthy
675,FARM_007,cattle,Angus,4.767240569783402,517.0065701905008,male,pregnant,healthy
676,FARM_007,goat,Nubian,4.583754522120816,66.13533993914723,female,dry,healthy
677,FARM_007,sheep,Rambouillet,7.193985823872031,86.95334879696863,female,lactating,healthy
678,FARM_007,sheep,Rambouillet,1.0719914715498442,85.80249866210723,male,growing,healthy
679,FARM_007,sheep,Dorper,3.1831560503460765,66.99859318966242,female,growing,healthy
680,FARM_007,cattle,Jersey,4.090480319598798,733.8287161022511,male,growing,healthy
681,FARM_007,sheep,Texel,2.3894375222374435,58.244238828256925,male,growing,healthy
682,FARM_007,goat,Toggenburg,3.680287163551122,60.06071841400666,female,growing,healthy
683,FARM_007,sheep,Merino,6.258239958678299,87.69340413549565,female,pregnant,minor_illness
684,FARM_007,cattle,Angus,7.813433032287628,422.24220867218423,male,pregnant,healthy
685,FARM_007,cattle,Hereford,4.700777399942912,560.9625037197247,male,dry,healthy
686,FARM_007,goat,Nubian,2.883268459090164,67.64223250957048,male,dry,healthy
687,FARM_007,sheep,Dorper,3.3947533460451584,71.49788098899108,male,growing,healthy
688,FARM_007,sheep,Rambouillet,4.720184399325138,64.39726713379963,male,dry,healthy
689,FARM_007,goat,Alpine,1.9864331744732724,44.66332298222787,male,dry,minor_illness
690,FARM_007,goat,Nubian,4.488502633492123,44.23412943511635,male,dry,healthy
691,FARM_007,goat,Saanen,4.363478854006292,77.70636707866521,female,pregnant,healthy
692,FARM_007,cattle,Jersey,6.191716430194302,585.5926792667549,female,pregnant,recovering
693,FARM_007,cattle,Simmental,1.6051076208150503,637.9389518007638,male,growing,healthy
694,FARM_007,sheep,Dorper,4.726043131660181,55.16325044375242,female,lactating,healthy
695,FARM_007,goat,Toggenburg,2.4774649658236005,56.94191663967585,female,lactating,healthy
696,FARM_007,sheep,Rambouillet,2.6804951834129653,57.21546003608015,male,growing,healthy
697,FARM_007,cattle,Simmental,6.525732756927094,501.14324730004444,male,dry,healthy
698,FARM_007,cattle,Holstein,1.687958749355029,758.3536724770638,female,growing,healthy
699,FARM_007,cattle,Holstein,6.015795177828776,462.4143245359908,female,lactating,healthy
700,FARM_007,cattle,Angus,2.991148268014576,552.3965094673599,male,pregnant,healthy
701,FARM_008,goat,Toggenburg,3.7547441397200854,52.13143563397132,male,growing,healthy
702,FARM_008,sheep,Suffolk,5.787065162847402,76.57860763433656,female,pregnant,healthy
703,FARM_008,sheep,Dorper,5.594867224504599,98.55754536841428,male,lactating,healthy
704,FARM_008,cattle,Hereford,2.047226366480463,645.1183342146041,male,pregnant,healthy
705,FARM_008,cattle,Angus,4.191995844865746,620.2653517763406,female,dry,healthy
706,FARM_008,cattle,Simmental,4.361121506194348,502.1345495052976,male,pregnant,healthy
707,FARM_008,cattle,Jersey,5.840046412672389,511.23980602654257,male,pregnant,healthy
708,FARM_008,goat,Nubian,6.443493666138435,46.25134838199105,female,growing,healthy
709,FARM_008,sheep,Dorper,2.6196644546379364,75.12136435831883,male,pregnant,minor_illness
710,FARM_008,cattle,Jersey,8.975635949164106,773.7216456669961,male,pregnant,healthy
711,FARM_008,cattle,Angus,1.822366943743683,525.9303317406595,female,lactating,healthy
712,FARM_008,goat,Nubian,3.6634229939194696,75.74378345800525,male,lactating,healthy
713,FARM_008,sheep,Rambouillet,4.019111944387102,68.95202426915175,male,dry,healthy
714,FARM_008,sheep,Suffolk,4.598668097858818,65.4234140744742,female,dry,healthy
715,FARM_008,goat,Boer,5.9709288033714465,68.5138398344382,female,growing,healthy
716,FARM_008,cattle,Holstein,2.8979760491270934,742.8766628238354,female,dry,healthy
717,FARM_008,cattle,Hereford,4.440270267797125,647.7373816547646,male,pregnant,healthy
718,FARM_008,cattle,Hereford,2.7201887960400715,583.860327863829,female,lactating,healthy
719,FARM_008,cattle,Jersey,6.60478062915857,489.07043164923397,male,growing,healthy
720,FARM_008,sheep,Merino,2.121579206835544,58.546820121042416,female,pregnant,healthy
721,FARM_008,sheep,Suffolk,1.5888936358156798,69.65519537797005,male,pregnant,healthy
722,FARM_008,sheep,Dorper,5.2171460937661145,58.15095569074431,male,pregnant,healthy
723,FARM_008,cattle,Simmental,3.7414212019677144,505.8063215955353,female,growing,healthy
724,FARM_008,cattle,Jersey,9.342247116979973,485.47925662813134,female,lactating,healthy
725,FARM_008,goat,Toggenburg,5.386944066729503,77.87024140694813,male,growing,healthy
726,FARM_008,goat,Saanen,4.53011332589892,55.90737657732219,male,dry,healthy
727,FARM_008,goat,Boer,5.256633187803849,50.85968010170845,male,pregnant,healthy
728,FARM_008,sheep,Texel,3.9828486656656157,91.61817698304975,male,pregnant,healthy
729,FARM_008,cattle,Simmental,1.8092462037373207,477.29976609366724,female,lactating,healthy
730,FARM_008,cattle,Jersey,6.965166467887495,748.2535525933962,male,lactating,healthy
731,FARM_008,goat,Nubian,5.16283334180447,62.11049472134333,male,dry,healthy
732,FARM_008,cattle,Angus,9.197224038728319,618.9659361518903,male,dry,healthy
733,FARM_008,sheep,Suffolk,1.3967630251608478,51.73363521130332,male,pregnant,healthy
734,FARM_008,cattle,Angus,6.773540331306266,503.9312551761198,female,growing,healthy
735,FARM_008,cattle,Angus,4.701735748596081,496.2126340720595,male,pregnant,healthy
736,FARM_008,cattle,Hereford,1.9503239137897599,418.117857445231,male,dry,healthy
737,FARM_008,sheep,Suffolk,1.244574724841919,99.48782067046673,male,dry,healthy
738,FARM_008,goat,Nubian,6.8636795953986836,71.75272415632159,female,pregnant,healthy
739,FARM_008,cattle,Angus,9.866570995816073,707.2021741252838,male,growing,healthy
740,FARM_008,sheep,Texel,5.65755645893233,75.03554629183357,female,dry,healthy
741,FARM_008,goat,Boer,2.6736284564408606,45.166977809724415,male,growing,healthy
742,FARM_008,goat,Saanen,2.5215047019782153,58.83800235090058,male,growing,healthy
743,FARM_008,goat,Nubian,5.685516138316543,71.65854163558076,female,growing,healthy
744,FARM_008,goat,Saanen,2.726987793109635,43.730857871126794,male,lactating,healthy
745,FARM_008,goat,Saanen,6.337459709982953,77.7571313390583,male,growing,healthy
746,FARM_008,sheep,Texel,2.931458860663828,88.4290665456601,male,dry,healthy
747,FARM_008,cattle,Simmental,6.950266105858269,660.8941412529763,male,lactating,healthy
748,FARM_008,cattle,Holstein,8.64501765603162,417.99872849416977,male,growing,healthy
749,FARM_008,sheep,Merino,7.502016848918959,66.59857523679227,female,dry,healthy
750,FARM_008,cattle,Jersey,8.578140953560697,593.0853892307738,female,lactating,healthy
751,FARM_008,sheep,Dorper,5.43388218169489,90.27629567880285,female,lactating,healthy
752,FARM_008,cattle,Hereford,2.493109219337076,409.87366288983384,male,dry,healthy
753,FARM_008,cattle,Jersey,2.147371121262216,720.0825390734317,female,growing,healthy
754,FARM_008,sheep,Texel,7.940174974899544,86.34194155241187,male,growing,recovering
755,FARM_008,cattle,Holstein,8.5377775066845,645.7943110046525,female,pregnant,healthy
756,FARM_008,cattle,Angus,1.7350054827408663,769.7148283178644,male,growing,healthy
757,FARM_008,goat,Nubian,2.9411824749129494,66.60223956026525,female,lactating,healthy
758,FARM_008,goat,Nubian,6.545525647618696,58.42679319333956,female,dry,healthy
759,FARM_008,goat,Nubian,4.869417431754136,51.53006308669474,female,pregnant,healthy
760,FARM_008,cattle,Angus,4.209365583875851,501.7925326473041,female,dry,healthy
761,FARM_008,cattle,Angus,8.412457787183705,759.5151558949391,male,dry,healthy
762,FARM_008,goat,Saanen,4.642811685301462,55.54905391506187,male,growing,healthy
763,FARM_008,goat,Boer,5.978337197929746,79.07177491310344,male,lactating,healthy
764,FARM_008,goat,Nubian,4.496286696068089,72.49895284176687,female,lactating,healthy
765,FARM_008,cattle,Jersey,7.0525653640628425,672.8766757020395,male,growing,healthy
766,FARM_008,goat,Nubian,1.769955173132587,63.1397003291732,female,growing,healthy
767,FARM_008,cattle,Hereford,4.833439376202455,797.8736660785949,male,lactating,healthy
768,FARM_008,cattle,Hereford,7.907489475316349,523.0119181961825,male,lactating,healthy
769,FARM_008,goat,Boer,2.3561991807319123,62.0420381317973,female,growing,healthy
770,FARM_008,goat,Boer,2.667070979239393,70.8604824799395,female,pregnant,healthy
771,FARM_008,goat,Nubian,3.8449857776319183,42.66775525621795,male,dry,healthy
772,FARM_008,goat,Saanen,3.9887796612882545,67.5724164841076,female,growing,healthy
773,FARM_008,sheep,Texel,7.285547054106158,90.49622101514497,male,growing,healthy
774,FARM_008,goat,Boer,6.446412599065076,79.8626262515593,female,dry,healthy
775,FARM_008,goat,Boer,6.468035140471784,40.837364713069334,female,growing,healthy
776,FARM_008,cattle,Simmental,7.3189670870241335,532.5408874945268,female,growing,healthy
777,FARM_008,cattle,Jersey,4.71051755048499,773.8919661953204,male,lactating,healthy
778,FARM_008,goat,Alpine,3.26703528236312,42.48147054515126,male,lactating,healthy
779,FARM_008,sheep,Dorper,5.606715526395444,99.88746945051003,female,dry,healthy
780,FARM_008,cattle,Simmental,2.03631560555681,753.3094405704895,male,dry,healthy
781,FARM_008,goat,Toggenburg,3.652200525586741,65.92933875231384,female,growing,healthy
782,FARM_008,sheep,Merino,7.681961502011675,57.571615718498165,female,lactating,healthy
783,FARM_008,cattle,Jersey,4.613156011801389,535.2337637465046,male,growing,healthy
784,FARM_008,sheep,Texel,6.140559735445529,60.4415467747295,female,growing,healthy
785,FARM_008,sheep,Suffolk,7.103391428963539,78.8490806208841,male,growing,healthy
786,FARM_008,sheep,Texel,1.5549619924183422,78.29252801566233,female,lactating,healthy
787,FARM_008,cattle,Angus,2.363009697418216,573.1085937367276,female,lactating,healthy
788,FARM_008,sheep,Suffolk,4.289407604235167,75.12454384134661,female,dry,healthy
789,FARM_008,sheep,Texel,7.41051767617889,67.98970467726497,female,lactating,healthy
790,FARM_008,cattle,Holstein,3.9078973149970357,795.0998156396754,female,lactating,healthy
791,FARM_008,sheep,Dorper,4.613983094383718,79.0322612954817,male,dry,healthy
792,FARM_008,cattle,Jersey,8.287075326393005,780.2131283817636,male,pregnant,recovering
793,FARM_008,cattle,Hereford,8.329481013418853,512.133901020565,female,lactating,healthy
794,FARM_008,goat,Toggenburg,1.6987535828902751,45.083849608737566,male,pregnant,healthy
795,FARM_008,sheep,Rambouillet,7.3387718655023075,91.7686265142123,male,dry,healthy
796,FARM_008,goat,Saanen,2.586830900003145,60.14187926047545,female,dry,healthy
797,FARM_008,goat,Saanen,5.706432839276784,63.942519728710394,male,pregnant,minor_illness
798,FARM_008,sheep,Texel,3.9058745767430474,50.716545293350066,male,lactating,healthy
799,FARM_008,sheep,Rambouillet,5.230515238003398,88.18461346751603,female,pregnant,healthy
800,FARM_008,goat,Saanen,1.4806343596576135,57.67334819207818,male,pregnant,healthy
801,FARM_009,cattle,Angus,1.4603518505835786,559.1173763716392,male,lactating,healthy
802,FARM_009,goat,Saanen,1.8719601545230247,60.22786975125496,male,pregnant,healthy
803,FARM_009,goat,Toggenburg,6.9674919342115595,48.07367341455033,female,lactating,healthy
804,FARM_009,goat,Saanen,2.11166110200124,61.65080443766712,male,growing,healthy
805,FARM_009,goat,Alpine,1.4631251813588078,46.79548292876229,male,growing,healthy
806,FARM_009,sheep,Merino,2.162523966334596,52.95529104378273,female,pregnant,healthy
807,FARM_009,cattle,Jersey,9.352465752059633,436.45625577787104,female,dry,healthy
808,FARM_009,goat,Alpine,1.3324953306534666,53.24585956656599,female,pregnant,healthy
809,FARM_009,cattle,Hereford,2.5937402985756086,439.3696756405475,male,dry,healthy
810,FARM_009,goat,Toggenburg,2.4215439633803406,43.87862683861699,female,dry,healthy
811,FARM_009,sheep,Suffolk,4.828502131898338,73.7544936433384,male,growing,healthy
812,FARM_009,sheep,Merino,5.532205585218822,92.18775219936468,male,lactating,healthy
813,FARM_009,sheep,Rambouillet,2.5726017834923662,69.96662900996112,male,pregnant,recovering
814,FARM_009,goat,Boer,3.0051562850386597,69.23481383104641,female,growing,healthy
815,FARM_009,goat,Nubian,5.824993389903305,74.65692734158802,male,lactating,healthy
816,FARM_009,sheep,Dorper,4.217512181700162,83.78806464476119,female,pregnant,healthy
817,FARM_009,sheep,Texel,5.728192317354979,69.80004831928076,female,growing,healthy
818,FARM_009,goat,Toggenburg,3.60431305648574,45.10280698285484,male,lactating,healthy
819,FARM_009,goat,Boer,5.204353127705582,63.56080363923646,male,pregnant,healthy
820,FARM_009,goat,Alpine,4.935419878590397,47.95256243749612,male,lactating,healthy
821,FARM_009,goat,Boer,3.128991133258976,71.20850594142534,female,pregnant,healthy
822,FARM_009,cattle,Simmental,6.106518497404661,718.4974437825549,female,growing,healthy
823,FARM_009,cattle,Holstein,2.1986391310077105,504.5332071541535,male,growing,healthy
824,FARM_009,cattle,Jersey,3.5936607336357653,402.5857431158842,female,pregnant,healthy
825,FARM_009,sheep,Rambouillet,3.2308272279336654,55.23379852677667,male,pregnant,healthy
826,FARM_009,cattle,Angus,6.631137210352174,620.2126722384902,male,growing,healthy
827,FARM_009,sheep,Merino,2.3740601161774695,51.12822558526736,female,dry,healthy
828,FARM_009,cattle,Jersey,6.642715910758449,723.3579529216092,male,growing,healthy
829,FARM_009,cattle,Holstein,3.9467886286010323,465.84820529460194,female,growing,healthy
830,FARM_009,sheep,Suffolk,4.051966263994101,79.70247327834056,male,dry,healthy
831,FARM_009,cattle,Angus,1.7900941335234397,468.73178414306335,female,lactating,healthy
832,FARM_009,cattle,Holstein,6.4435548642632305,554.9805183690155,female,lactating,healthy
833,FARM_009,sheep,Texel,2.861983851648606,66.63904344803977,male,growing,healthy
834,FARM_009,cattle,Hereford,8.269460379833315,754.36559819897,male,lactating,healthy
835,FARM_009,cattle,Jersey,2.8755961625649844,453.171217083193,male,growing,healthy
836,FARM_009,cattle,Simmental,1.0083647518296495,761.289450937883,female,lactating,healthy
837,FARM_009,cattle,Hereford,4.209141933557372,764.6903507651102,male,growing,healthy
838,FARM_009,sheep,Texel,2.467831942011406,98.82805116614522,male,lactating,minor_illness
839,FARM_009,sheep,Suffolk,6.4732363909782284,88.2929321942371,male,pregnant,minor_illness
840,FARM_009,goat,Alpine,2.0947482439149403,78.6083855418294,female,pregnant,healthy
841,FARM_009,goat,Boer,2.8731384194147767,57.098661126667565,female,growing,healthy
842,FARM_009,goat,Boer,1.0408881874007687,60.93628740269887,female,growing,healthy
843,FARM_009,cattle,Hereford,8.155522158455181,529.4923302441695,male,pregnant,healthy
844,FARM_009,goat,Nubian,3.260058642576775,53.56962644695345,male,growing,healthy
845,FARM_009,goat,Saanen,2.9016557306036885,72.35305293966736,female,lactating,healthy
846,FARM_009,cattle,Angus,8.065752915157812,509.47938307134837,female,growing,healthy
847,FARM_009,sheep,Rambouillet,3.2971205064752542,52.68861558309917,female,growing,healthy
848,FARM_009,goat,Boer,2.8362829973726287,42.54739070010067,male,dry,healthy
849,FARM_009,goat,Saanen,1.5055322645078277,67.30610420176797,male,dry,minor_illness
850,FARM_009,goat,Nubian,2.736645369809249,71.32861818626715,male,lactating,recovering
851,FARM_009,cattle,Hereford,6.624817735384317,655.3402309681727,male,growing,healthy
852,FARM_009,cattle,Angus,2.959412616803364,435.2608632546578,male,lactating,healthy
853,FARM_009,sheep,Rambouillet,5.452331396373887,70.08965675547122,male,lactating,healthy
854,FARM_009,cattle,Angus,8.137567255335902,792.4966389821848,male,growing,minor_illness
855,FARM_009,goat,Nubian,3.8127392830407456,68.22541585475926,male,pregnant,healthy
856,FARM_009,goat,Saanen,3.446668206436976,75.45521447840567,male,pregnant,minor_illness
857,FARM_009,goat,Saanen,4.788255865860259,50.82237025951966,male,dry,minor_illness
858,FARM_009,cattle,Jersey,7.9795476704709944,557.2487192828316,female,growing,healthy
859,FARM_009,cattle,Simmental,9.782009366940393,547.6544775236819,female,dry,healthy
860,FARM_009,sheep,Suffolk,4.084654183970055,93.99573133635073,male,growing,healthy
861,FARM_009,sheep,Dorper,2.7498102360818075,53.66820337298013,female,lactating,healthy
862,FARM_009,cattle,Hereford,4.799730104926103,714.0255684185724,male,lactating,healthy
863,FARM_009,sheep,Merino,1.9615322217807196,63.843498474600615,male,dry,minor_illness
864,FARM_009,goat,Saanen,5.4781773058794485,52.46286958328916,male,lactating,healthy
865,FARM_009,goat,Alpine,4.42456888575444,59.1481943186209,female,lactating,healthy
866,FARM_009,goat,Nubian,4.077876098925445,51.25571928688652,female,pregnant,healthy
867,FARM_009,goat,Alpine,5.3441751326375275,77.15231842751541,male,lactating,healthy
868,FARM_009,cattle,Jersey,1.657032336096646,697.6114321390708,male,growing,healthy
869,FARM_009,goat,Nubian,6.5070452985613185,44.32115829966317,female,pregnant,healthy
870,FARM_009,cattle,Simmental,1.7304780201734307,580.8809916414154,male,lactating,healthy
871,FARM_009,cattle,Jersey,8.89706913942852,709.2734005035034,female,pregnant,healthy
872,FARM_009,sheep,Suffolk,1.2638840744039697,90.40339085580112,female,dry,healthy
873,FARM_009,sheep,Suffolk,4.768764855008704,99.60678197392915,female,dry,healthy
874,FARM_009,cattle,Jersey,4.1102162728373175,402.79290475213924,female,dry,healthy
875,FARM_009,goat,Nubian,5.965142163722902,40.02391755339181,male,dry,healthy
876,FARM_009,goat,Boer,3.568931038180719,42.45700517039331,female,pregnant,healthy
877,FARM_009,cattle,Angus,9.14769099109464,597.182788662344,male,dry,healthy
878,FARM_009,goat,Saanen,2.785901665409683,51.92264804680016,female,pregnant,healthy
879,FARM_009,sheep,Dorper,5.444346614072139,56.19230133529087,female,dry,minor_illness
880,FARM_009,cattle,Holstein,8.39125139103734,617.8523484428543,male,lactating,minor_illness
881,FARM_009,goat,Toggenburg,6.157872072115639,46.752400231382566,male,dry,healthy
882,FARM_009,cattle,Hereford,9.41315965743505,763.6808544825949,male,pregnant,healthy
883,FARM_009,cattle,Hereford,3.6007167242895264,550.8215724006795,female,dry,healthy
884,FARM_009,goat,Boer,5.2056121901079955,47.77094284007206,male,lactating,healthy
885,FARM_009,sheep,Merino,5.518740494873656,57.78866302900851,male,dry,healthy
886,FARM_009,sheep,Rambouillet,2.301730552901924,97.54093299582158,male,pregnant,healthy
887,FARM_009,goat,Saanen,5.408251421590154,67.98386132094113,male,growing,healthy
888,FARM_009,cattle,Simmental,5.53319748395415,731.660256113656,female,pregnant,healthy
889,FARM_009,sheep,Rambouillet,3.3981375796779227,81.38344385794043,male,lactating,healthy
890,FARM_009,cattle,Holstein,9.258825501139901,754.987576085153,female,pregnant,healthy
891,FARM_009,goat,Alpine,3.008734251344075,52.54812499028625,female,dry,healthy
892,FARM_009,goat,Saanen,4.578802452481263,72.57535682676325,female,growing,healthy
893,FARM_009,sheep,Dorper,2.662383136185688,64.99487964972681,female,growing,healthy
894,FARM_009,cattle,Angus,7.4139905708789,477.2640033633731,male,dry,healthy
895,FARM_009,goat,Nubian,4.1037608929135185,56.524295909085765,male,pregnant,healthy
896,FARM_009,goat,Saanen,2.896607869281823,42.22963414349767,male,growing,healthy
897,FARM_009,sheep,Merino,1.5640656860055953,57.35816255474727,female,lactating,healthy
898,FARM_009,cattle,Holstein,1.0544233886558056,593.5440875457246,female,growing,healthy
899,FARM_009,cattle,Holstein,2.4552509794658817,786.332927887333,female,dry,healthy
900,FARM_009,cattle,Jersey,8.960308548370833,621.5973022012524,male,lactating,healthy
901,FARM_010,cattle,Simmental,3.9505437896503066,548.8329019851584,male,lactating,healthy
902,FARM_010,sheep,Dorper,6.165494382991602,79.871462128671,male,growing,healthy
903,FARM_010,goat,Boer,3.7902180053254595,49.07914157886084,male,dry,minor_illness
904,FARM_010,cattle,Jersey,4.079193401007054,784.6202928550265,female,growing,healthy
905,FARM_010,sheep,Merino,7.366839311084968,78.44777416409254,male,growing,healthy
906,FARM_010,goat,Boer,3.6021659879222803,73.93887097625058,male,growing,healthy
907,FARM_010,cattle,Hereford,8.245875808370215,738.015859558657,female,lactating,healthy
908,FARM_010,sheep,Suffolk,5.083950633129046,73.21019744760633,female,growing,healthy
909,FARM_010,goat,Alpine,2.314756388024805,44.51372748734486,female,pregnant,healthy
910,FARM_010,cattle,Simmental,4.424336969437323,442.4502341963982,female,lactating,healthy
911,FARM_010,sheep,Texel,4.325702384842043,94.89776080925097,female,lactating,healthy
912,FARM_010,sheep,Suffolk,5.667120709003129,75.5485371522531,female,growing,healthy
913,FARM_010,sheep,Merino,3.5057283617293526,66.68304453168463,male,dry,healthy
914,FARM_010,sheep,Texel,6.998750903433673,96.93573176870174,male,growing,healthy
915,FARM_010,sheep,Dorper,3.3914877888342128,82.42322784501185,female,lactating,healthy
916,FARM_010,sheep,Suffolk,3.294899865200728,90.78726903130604,female,lactating,healthy
917,FARM_010,goat,Boer,3.040026316359353,74.78598739248685,male,lactating,healthy
918,FARM_010,goat,Toggenburg,2.0909059170240325,57.21386129488802,female,lactating,healthy
919,FARM_010,cattle,Holstein,6.717910120374889,478.59478678248445,male,dry,healthy
920,FARM_010,cattle,Holstein,6.037701952003075,743.1739655989315,female,lactating,healthy
921,FARM_010,sheep,Suffolk,7.51115642003785,76.37939866360828,female,dry,healthy
922,FARM_010,sheep,Merino,1.8491209860387388,65.13875641359836,male,lactating,healthy
923,FARM_010,sheep,Rambouillet,5.951983926133527,85.58889724954747,male,growing,healthy
924,FARM_010,goat,Saanen,1.7284894330298328,68.84529429427295,female,growing,healthy
925,FARM_010,goat,Alpine,4.614815022743599,59.59143471952963,female,dry,healthy
926,FARM_010,cattle,Hereford,2.7780031511063044,722.0697589441506,female,growing,healthy
927,FARM_010,cattle,Jersey,3.4907871875617773,623.2684735561763,female,dry,minor_illness
928,FARM_010,goat,Alpine,2.967303964109551,69.48529655826556,female,lactating,healthy
929,FARM_010,sheep,Suffolk,1.3476304402180321,81.17595975870772,female,growing,healthy
930,FARM_010,cattle,Simmental,3.5321555966845746,583.0301329001727,male,pregnant,healthy
931,FARM_010,cattle,Hereford,8.537252676568972,495.9279808826361,male,dry,healthy
932,FARM_010,sheep,Suffolk,5.037655437467791,55.960522142028665,female,lactating,healthy
933,FARM_010,sheep,Rambouillet,6.033529343575682,77.37589420299972,male,lactating,healthy
934,FARM_010,goat,Alpine,3.359568910595291,64.66850830587104,male,dry,healthy
935,FARM_010,sheep,Rambouillet,7.193655629214557,61.56788211297045,male,growing,recovering
936,FARM_010,sheep,Suffolk,4.952479005273414,75.83137959271377,male,growing,healthy
937,FARM_010,sheep,Dorper,5.796221592944464,64.50220140889932,female,pregnant,healthy
938,FARM_010,cattle,Hereford,9.321776120157729,422.4897179403889,female,dry,minor_illness
939,FARM_010,cattle,Jersey,5.9176636679091885,499.89767169174206,male,pregnant,healthy
940,FARM_010,goat,Saanen,4.088453162540679,43.98318854160116,male,growing,minor_illness
941,FARM_010,cattle,Simmental,6.428917558895539,431.886029274914,male,pregnant,minor_illness
942,FARM_010,goat,Nubian,5.812229621697211,46.42374780173234,male,lactating,healthy
943,FARM_010,cattle,Holstein,2.181591748043418,523.8766844420757,female,growing,minor_illness
944,FARM_010,goat,Nubian,5.538706527933471,58.96631783516319,male,growing,healthy
945,FARM_010,cattle,Simmental,5.052491293974317,501.01215585457777,male,pregnant,healthy
946,FARM_010,cattle,Angus,2.8318138649820677,707.6244532638897,female,growing,healthy
947,FARM_010,cattle,Jersey,1.309881777159831,578.3302199308065,male,growing,healthy
948,FARM_010,cattle,Hereford,4.62728180154463,653.8225870966099,female,growing,healthy
949,FARM_010,sheep,Suffolk,6.259963222719119,97.06671963934508,female,dry,healthy
950,FARM_010,sheep,Texel,5.399515191653427,60.75778108120278,male,growing,minor_illness
951,FARM_010,goat,Saanen,1.1947064607440543,49.4235291297871,male,lactating,healthy
952,FARM_010,sheep,Dorper,2.4244159618871874,97.72769212087499,male,dry,healthy
953,FARM_010,cattle,Hereford,3.1511308119934904,651.5491587952702,male,lactating,healthy
954,FARM_010,goat,Boer,4.255439961795734,66.1434708017768,female,lactating,healthy
955,FARM_010,cattle,Holstein,2.200100205847334,497.0177106331883,female,dry,minor_illness
956,FARM_010,cattle,Jersey,5.268777983815872,467.2080208770714,female,lactating,healthy
957,FARM_010,goat,Boer,4.4632964380537015,66.96151469699828,female,lactating,healthy
958,FARM_010,goat,Nubian,5.20658552418562,56.42926173964048,male,pregnant,healthy
959,FARM_010,goat,Boer,4.086937613872233,74.27341398892705,male,growing,healthy
960,FARM_010,cattle,Simmental,8.77929639810376,582.7552286949067,female,dry,healthy
961,FARM_010,goat,Alpine,1.4993383972484338,74.51838493252075,male,growing,healthy
962,FARM_010,goat,Toggenburg,3.5029856738542122,75.109976194505,male,dry,healthy
963,FARM_010,cattle,Hereford,1.4914927289212214,788.7381205301938,male,lactating,healthy
964,FARM_010,sheep,Rambouillet,7.005004484622423,65.24515621925318,female,dry,healthy
965,FARM_010,goat,Toggenburg,2.2084378552801134,40.38173412268907,male,growing,healthy
966,FARM_010,sheep,Rambouillet,1.0499945723777153,72.83652964429201,male,lactating,healthy
967,FARM_010,sheep,Suffolk,2.783240951357032,67.59424171735031,female,pregnant,healthy
968,FARM_010,cattle,Hereford,9.652730863812751,654.3643062838953,female,lactating,healthy
969,FARM_010,cattle,Simmental,1.1750324533127305,475.51761110937775,female,lactating,minor_illness
970,FARM_010,goat,Boer,5.701009015527453,40.42052898166614,female,growing,healthy
971,FARM_010,cattle,Angus,5.8198822578801845,590.7933570470615,female,pregnant,healthy
972,FARM_010,cattle,Jersey,5.386656727907268,778.1486598459112,female,growing,minor_illness
973,FARM_010,sheep,Merino,7.71210311233287,57.14071522364337,female,pregnant,healthy
974,FARM_010,cattle,Angus,4.644717286385696,799.5171743262617,male,dry,healthy
975,FARM_010,cattle,Angus,7.570015489727753,543.1019053174857,male,pregnant,healthy
976,FARM_010,cattle,Jersey,3.7289780545982545,786.6233757522176,male,dry,healthy
977,FARM_010,cattle,Holstein,9.1863585199985,402.47352905635864,female,pregnant,minor_illness
978,FARM_010,goat,Saanen,6.7644778166281325,61.50160574561385,male,pregnant,healthy
979,FARM_010,goat,Nubian,5.49219087063493,48.52568477255747,female,lactating,minor_illness
980,FARM_010,goat,Alpine,6.295692745103475,43.87915050064382,female,dry,healthy
981,FARM_010,sheep,Texel,6.915085660090432,52.952507222913596,female,pregnant,healthy
982,FARM_010,cattle,Jersey,1.8150352084082844,667.2013002972055,female,lactating,healthy
983,FARM_010,goat,Boer,1.0819701128236565,75.82905422060458,female,growing,healthy
984,FARM_010,cattle,Angus,6.1884001282587935,536.8277738630221,female,growing,healthy
985,FARM_010,cattle,Simmental,5.540526316493522,504.3396983848356,male,growing,healthy
986,FARM_010,sheep,Suffolk,6.913583068317022,53.980253849625285,female,dry,healthy
987,FARM_010,cattle,Simmental,3.1973280445621652,580.0439434740118,male,dry,healthy
988,FARM_010,sheep,Texel,4.2053020658895,69.72396954194288,male,lactating,healthy
989,FARM_010,goat,Boer,6.748828718826977,49.90526572285755,female,dry,healthy
990,FARM_010,cattle,Hereford,3.8889734107680805,610.4376053006168,female,pregnant,healthy
991,FARM_010,cattle,Hereford,8.395771752868512,455.58759675464984,male,lactating,healthy
992,FARM_010,sheep,Rambouillet,5.978120612694363,50.339827429305586,female,growing,healthy
993,FARM_010,sheep,Suffolk,4.657477662234119,82.05124288176773,male,growing,healthy
994,FARM_010,cattle,Angus,6.465919751137593,435.4313358546576,male,dry,healthy
995,FARM_010,sheep,Rambouillet,6.177068240552199,60.54849453099752,female,pregnant,healthy
996,FARM_010,sheep,Rambouillet,4.222303354499355,60.87939699658222,female,dry,minor_illness
997,FARM_010,goat,Toggenburg,2.194560519615554,53.91289389732184,male,lactating,healthy
998,FARM_010,sheep,Merino,2.8979957736641166,88.01641107020689,female,dry,healthy
999,FARM_010,cattle,Angus,2.2538753414024173,746.4908122314707,female,pregnant,healthy
1000,FARM_010,cattle,Simmental,1.6123358268250272,526.7616550882499,male,growing,healthy
