Id Sensore,Data-Ora,Valore Medio Giornaliero, Minimo Valore Medio Orario, Massimo Valore Medio Orario
12716,2021-03-01,6.3,-1.3,15.8
12716,2021-03-02,6.7,-1.1,16
12716,2021-03-03,6.5,1.5,13.8
12716,2021-03-04,7.5,0.4,14.5
12716,2021-03-05,10.2,4.4,16.7
12716,2021-03-06,7.1,3.2,8.8
12716,2021-03-07,5.3,-0.9,11.9
12716,2021-03-08,5.8,-1.1,12.5
12716,2021-03-09,6.5,0.9,12.5
12716,2021-03-10,6.8,-0.4,14.6
12716,2021-03-11,7.4,3,10.7
12716,2021-03-12,10.7,6.6,16.7
12716,2021-03-13,8.5,1.9,16.4
12716,2021-03-14,9.1,3,15.2
12716,2021-03-15,8.8,-0.1,16.5
12716,2021-03-16,10.9,6.5,15.8
12716,2021-03-17,7.5,-1.5,15.8
12716,2021-03-18,5.5,0.6,11.8
12716,2021-03-19,4.8,-0.1,10.9
12716,2021-03-20,4.5,-2,11.6
12716,2021-03-21,3.9,-2.4,9.8
12716,2021-03-22,6.8,-2.4,16.5
12716,2021-03-23,7.6,0.4,14.9
12716,2021-03-24,9.4,-0.1,18.4
12716,2021-03-25,10.4,1.8,18.6
12716,2021-03-26,11.9,4.2,18.4
12716,2021-03-27,12.5,9.1,16.8
12716,2021-03-28,12.5,4.9,20.2
12716,2021-03-29,13.6,5.2,22.4
12716,2021-03-30,14.8,6.5,24.3
12716,2021-03-31,15.6,7.5,24.8
12716,2021-04-01,17,7.7,26.9
12716,2021-04-02,18.2,10.8,26.8
12716,2021-04-03,14.7,10.1,19.8
12716,2021-04-04,11.3,6,16.4
12716,2021-04-05,10.4,3,17.4
12716,2021-04-06,8.6,2.2,15.9
12716,2021-04-07,6.4,0.3,12.4
12716,2021-04-08,7.8,-2.9,16.3
12716,2021-04-09,10.4,5.1,14.9
12716,2021-04-10,10.7,7.3,13.6
12716,2021-04-11,9.5,8.1,10.8
12716,2021-04-12,10.3,8.4,12.7
12716,2021-04-13,9.6,5,13.6
12716,2021-04-14,8.8,4.1,13.4
12716,2021-04-15,8.2,5.4,11.2
12716,2021-04-16,8.5,4.2,12.7
12716,2021-04-17,9,1.7,15.3
12716,2021-04-18,10.7,7.1,15.2
12716,2021-04-19,11.7,5.2,17.2
12716,2021-04-20,12.8,4.9,20.1
12716,2021-04-21,12.8,5.4,18.9
12716,2021-04-22,13.8,7.4,19.8
12716,2021-04-23,14.7,8.5,20.7
12716,2021-04-24,15.8,8.1,22.9
12716,2021-04-25,17,8.2,25
12716,2021-04-26,13.1,11.3,14.9
12716,2021-04-27,12.1,9.7,14.3
12716,2021-04-28,14.2,11.5,18
12716,2021-04-29,14.1,12.4,15.4
12716,2021-04-30,15.1,12.1,18.6
12716,2021-05-01,14.4,11.6,16.4
12716,2021-05-02,15.3,10.7,21.4
12716,2021-05-03,14.7,10,19.3
12716,2021-05-04,14.5,8.1,20.6
12716,2021-05-05,15.7,10,21.8
12716,2021-05-06,15.6,9.2,20.4
12716,2021-05-07,18,12.1,24.6
12716,2021-05-08,16.3,12.4,20.7
12716,2021-05-09,17.4,11.2,22
12716,2021-05-10,18,14,22.1
12716,2021-05-11,14.6,13,15.7
12716,2021-05-12,16.3,10.2,23.3
12716,2021-05-13,16.8,11.2,23.4
12716,2021-05-14,14.2,9.7,20
12716,2021-05-15,14.3,7.9,19.6
12716,2021-05-16,15.2,12.4,17.8
12716,2021-05-17,18.7,13.3,24.6
12716,2021-05-18,16.9,8.8,24.7
12716,2021-05-19,17.5,10.3,24.3
12716,2021-05-20,17.4,8,24.3
12716,2021-05-21,17,11.7,22.6
12716,2021-05-22,16.9,12.7,20.4
12716,2021-05-23,19,12,24.8
12716,2021-05-24,14.2,12.3,15.5
12716,2021-05-25,17.1,10.3,23.4
12716,2021-05-26,17.2,11.2,22.8
12716,2021-05-27,19,11.2,26
12716,2021-05-28,20.1,13.6,25.8
12716,2021-05-29,20.8,15.4,26.4
12716,2021-05-30,19.8,15.1,23.9
12716,2021-05-31,19.2,15.9,24.8
12716,2021-06-01,20.5,13.6,26.6
12716,2021-06-02,19.6,15.3,23.9
12716,2021-06-03,22,14.4,28.4
12716,2021-06-04,23.3,14.7,30.2
12716,2021-06-05,22.3,17.3,27.2
12716,2021-06-06,22.2,15.9,28.6
12716,2021-06-07,21,17.9,25.4
12716,2021-06-08,21.2,17.8,25.5
12716,2021-06-09,23.2,16.8,29.6
12716,2021-06-10,23.6,17.1,28.9
12716,2021-06-11,24.3,18.8,29.7
12716,2021-06-12,25.1,17.9,30.6
12716,2021-06-13,27,19.9,33.1
12716,2021-06-14,25.8,20.6,30.6
12716,2021-06-15,25.3,21.1,30.2
12716,2021-06-16,24.8,19.7,30.4
12716,2021-06-17,26.3,20.6,31.5
12716,2021-06-18,26,20.9,31
12716,2021-06-19,24.3,20,29.6
12716,2021-06-20,23.5,19.4,29.4
12716,2021-06-21,25,19.5,30
12716,2021-06-22,24.7,19.9,30.3
12716,2021-06-23,23.3,18.5,28.7
12716,2021-06-24,22.7,16.7,28.9
12716,2021-06-25,22.7,16.3,28.6
12716,2021-06-26,23.9,16.7,30.2
12716,2021-06-27,25.4,18.3,31.7
12716,2021-06-28,26.2,19.6,33.2
12716,2021-06-29,24.6,19,29.3
12716,2021-06-30,23.2,17.7,28.9
12716,2021-07-01,24,17.5,29.6
12716,2021-07-02,24.3,17.8,30.6
12716,2021-07-03,24.3,19.9,30
12716,2021-07-04,21,18.3,23.3
12716,2021-07-05,22.4,16,29.8
12716,2021-07-06,24.5,17.9,30
12716,2021-07-07,24.7,18.9,31.5
12716,2021-07-08,20.8,16.9,29.9
12716,2021-07-09,22.3,15.5,28.9
12716,2021-07-10,23.9,16.1,30.6
12716,2021-07-11,24.4,17.9,30.5
12716,2021-07-12,24.8,19.2,30.2
12716,2021-07-13,23,17.1,27.6
12716,2021-07-14,20.4,14.9,25.6
12716,2021-07-15,21.4,17.5,25.6
12716,2021-07-16,21.5,17.4,28.6
12716,2021-07-17,23.5,17.8,29.7
12716,2021-07-18,25,19.4,31.9
12716,2021-07-19,26.5,20.7,33
12716,2021-07-20,26.1,19.7,33.1
12716,2021-07-21,26.1,19.6,31.9
12716,2021-07-22,25.9,20.9,30.4
12716,2021-07-23,25.7,20.4,30.5
12716,2021-07-24,26,21.8,30.4
12716,2021-07-25,24.4,20.8,30.2
12716,2021-07-26,22.3,18.9,26.4
12716,2021-07-27,23.5,20.3,27.4
12716,2021-07-28,23.6,19.6,28.6
12716,2021-07-29,24.7,18.6,30.8
12716,2021-07-30,24.7,20,29.4
12716,2021-07-31,24.4,20.5,29.7
12716,2021-08-01,21.2,18.5,26.6
12716,2021-08-02,21.7,17.2,27.5
12716,2021-08-03,22.1,16.9,26.6
12716,2021-08-04,21.1,19,22.8
12716,2021-08-05,22,16.4,29.3
12716,2021-08-06,23.1,17.1,29.5
12716,2021-08-07,23.2,18.7,27.8
12716,2021-08-08,23.6,18.2,29.6
12716,2021-08-09,23.7,17.2,29.9
12716,2021-08-10,23.9,17,30.7
12716,2021-08-11,25.1,18.2,32.3
12716,2021-08-12,26.4,19.7,33.5
12716,2021-08-13,26.8,20.3,33.9
12716,2021-08-14,27.6,21,34.5
12716,2021-08-15,27.4,21.5,34.7
12716,2021-08-16,24.8,18.6,31.8
12716,2021-08-17,22.6,16.2,29.9
12716,2021-08-18,22.5,17.7,27.9
12716,2021-08-19,22.5,17.5,28.2
12716,2021-08-20,23.5,19,29.6
12716,2021-08-21,24,17.5,31.1
12716,2021-08-22,23.9,18.1,31.1
12716,2021-08-23,23,19.3,27.4
12716,2021-08-24,22.3,18.2,27.6
12716,2021-08-25,21.7,16.4,27.4
12716,2021-08-26,21.8,15.3,29.2
12716,2021-08-27,19.1,16.4,22.5
12716,2021-08-28,19.5,15.6,24.9
12716,2021-08-29,19.3,12.8,26.1
12716,2021-08-30,20,15.1,26.6
12716,2021-08-31,20.1,16,27
12716,2021-09-01,20.8,14.8,27.9
12716,2021-09-02,21.1,15.7,28.1
12716,2021-09-03,20.6,15.3,27.3
12716,2021-09-04,20.4,14.8,27.6
12716,2021-09-05,21.6,15.6,28.7
12716,2021-09-06,21.6,16.7,28.2
12716,2021-09-07,21.1,13.7,28.1
12716,2021-09-08,21,15.7,27.7
12716,2021-09-09,21,15.8,27.8
12716,2021-09-10,21.1,16.7,27.6
12716,2021-09-11,21.7,17.1,29
12716,2021-09-12,21.1,14.6,29.4
12716,2021-09-13,21.4,13.4,30.2
12716,2021-09-14,21.5,15.4,27.3
12716,2021-09-15,21.9,17.7,27.4
12716,2021-09-16,21.9,18.2,26.6
12716,2021-09-17,21.2,17.4,27.6
12716,2021-09-18,21.2,17,26.5
12716,2021-09-19,18.3,12.3,23.1
12716,2021-09-20,17.4,10.8,24.9
12716,2021-09-21,17.9,14,23.7
12716,2021-09-22,17.3,11.3,24.5
12716,2021-09-23,17.5,12.7,24
12716,2021-09-24,17.9,10.6,26.2
12716,2021-09-25,19.2,14.8,23.1
12716,2021-09-26,17.8,14.8,19.1
12716,2021-09-27,17.6,14.4,22.4
12716,2021-09-28,18,13,24.6
12716,2021-09-29,19.9,14.8,25.9
12716,2021-09-30,17.6,11.8,24.1
12716,2021-10-01,17.2,12.3,23.4
12716,2021-10-02,17.3,13.6,23.1
12716,2021-10-03,17,15.1,19
12716,2021-10-04,17.8,16.5,18.8
12716,2021-10-05,17.1,14.4,19.7
12716,2021-10-06,15,11.4,19.3
12716,2021-10-07,13.5,6.9,21.4
12716,2021-10-08,15.6,12.2,20.5
12716,2021-10-09,14.6,10.3,18.7
12716,2021-10-10,12.9,6.9,18
12716,2021-10-11,10.9,4.3,19.8
12716,2021-10-12,11.6,6,18.9
12716,2021-10-13,11.5,5.2,19.3
12716,2021-10-14,10.5,5.4,17.5
12716,2021-10-15,9,2.7,17.1
12716,2021-10-16,9.7,3.6,18.6
12716,2021-10-17,9.9,3.6,19.2
12716,2021-10-18,10.6,4.2,19.8
12716,2021-10-19,11.3,5.8,18.7
12716,2021-10-20,12.7,8.1,16.7
12716,2021-10-21,13.7,12.3,15.1
12716,2021-10-22,13.2,8.8,20
12716,2021-10-23,11.1,7.5,16.1
12716,2021-10-24,11.7,7.1,17.3
12716,2021-10-25,9.7,4.7,15.3
12716,2021-10-26,7.4,1.1,16.7
12716,2021-10-27,9.2,2.6,19
12716,2021-10-28,8.4,1.5,17.7
12716,2021-10-29,8.7,2.4,16.3
12716,2021-10-30,9.8,8.1,11.8
12716,2021-10-31,10.3,9.4,11.9